Rk,Player,Pos,Squad,Age,Born,MP,Starts,Min,90s,Gls,Ast,G+A,G-PK,PK,PKatt,CrdY,CrdR,xG,npxG,xAG,npxG+xAG,PrgC,PrgP,PrgR,Gls1,Ast1,G+A1,G-PK1,G+A-PK,xG1,xAG1,xG+xAG,npxG1,npxG+xAG1
1,Che Adams,FW,Scotland,27,1996,3,3,209,2.3,0,0,0,0,0,0,0,0,0.1,0.1,0.1,0.2,3,2,10,0.00,0.00,0.00,0.00,0.00,0.05,0.03,0.09,0.05,0.09
2,Michel Aebischer,DF,Switzerland,27,1997,5,5,476,5.3,1,2,3,1,0,0,0,0,0.1,0.1,1.2,1.3,4,28,18,0.19,0.38,0.57,0.19,0.57,0.02,0.22,0.24,0.02,0.24
3,Arlind Ajeti,DF,Albania,30,1993,3,3,270,3.0,0,0,0,0,0,0,0,0,0.0,0.0,0.0,0.0,1,5,0,0.00,0.00,0.00,0.00,0.00,0.00,0.00,0.00,0.00,0.00
4,Manuel Akanji,DF,Switzerland,28,1995,5,5,480,5.3,0,0,0,0,0,0,0,0,0.0,0.0,0.0,0.0,2,25,1,0.00,0.00,0.00,0.00,0.00,0.00,0.00,0.00,0.00,0.00
5,Samet Akaydın,DF,Türkiye,29,1994,4,4,335,3.7,1,0,1,1,0,0,2,0,0.4,0.4,0.0,0.4,1,15,0,0.27,0.00,0.27,0.27,0.27,0.09,0.00,0.09,0.09,0.09
6,Nathan Aké,DF,Netherlands,28,1995,6,6,470,5.2,0,1,1,0,0,0,1,0,0.1,0.1,0.4,0.6,7,21,11,0.00,0.19,0.19,0.00,0.19,0.02,0.08,0.11,0.02,0.11
7,Yunus Akgün,FW,Türkiye,23,2000,1,1,69,0.8,0,0,0,0,0,0,0,0,0.0,0.0,0.1,0.1,3,3,5,0.00,0.00,0.00,0.00,0.00,0.00,0.11,0.11,0.00,0.11
8,Kerem Aktürkoğlu,"FW,MF",Türkiye,25,1998,5,1,105,1.2,1,0,1,1,0,0,0,0,1.4,1.4,0.1,1.5,7,3,11,0.86,0.00,0.86,0.86,0.86,1.22,0.11,1.33,1.22,1.33
9,Trent Alexander-Arnold,"MF,DF",England,25,1998,4,2,134,1.5,0,0,0,0,0,0,0,0,0.1,0.1,0.1,0.2,5,12,5,0.00,0.00,0.00,0.00,0.00,0.07,0.08,0.16,0.07,0.16
10,Denis Alibec,FW,Romania,33,1991,2,0,29,0.3,0,0,0,0,0,0,0,0,0.3,0.3,0.0,0.3,0,0,2,0.00,0.00,0.00,0.00,0.00,1.05,0.00,1.05,1.05,1.05
11,Barış Alper Yılmaz,FW,Türkiye,23,2000,5,5,450,5.0,0,0,0,0,0,0,0,0,0.4,0.4,0.8,1.2,14,15,36,0.00,0.00,0.00,0.00,0.00,0.08,0.16,0.24,0.08,0.24
12,Sandro Altunashvili,MF,Georgia,26,1997,2,0,52,0.6,0,0,0,0,0,0,0,0,0.0,0.0,0.0,0.0,1,1,0,0.00,0.00,0.00,0.00,0.00,0.00,0.00,0.00,0.00,0.00
13,Zeki Amdouni,"MF,FW",Switzerland,23,2000,4,0,57,0.6,0,0,0,0,0,0,0,0,0.2,0.2,0.0,0.2,3,1,6,0.00,0.00,0.00,0.00,0.00,0.33,0.00,0.33,0.33,0.33
14,Joachim Andersen,DF,Denmark,27,1996,4,4,360,4.0,0,0,0,0,0,0,1,0,0.2,0.2,0.2,0.4,7,24,1,0.00,0.00,0.00,0.00,0.00,0.04,0.06,0.10,0.04,0.10
15,Robert Andrich,MF,Germany,29,1994,5,4,318,3.5,0,0,0,0,0,0,2,0,0.3,0.3,0.1,0.4,1,21,3,0.00,0.00,0.00,0.00,0.00,0.09,0.03,0.12,0.09,0.12
16,Waldemar Anton,DF,Germany,27,1996,2,0,33,0.4,0,0,0,0,0,0,0,0,0.0,0.0,0.1,0.1,0,2,0,0.00,0.00,0.00,0.00,0.00,0.00,2.10,2.10,0.00,2.10
17,Stuart Armstrong,MF,Scotland,31,1992,1,0,15,0.2,0,0,0,0,0,0,0,0,0.0,0.0,0.0,0.0,1,1,1,0.00,0.00,0.00,0.00,0.00,0.00,0.00,0.00,0.00,0.00
18,Marko Arnautović,FW,Austria,34,1989,4,3,279,3.1,1,0,1,0,1,1,1,0,1.7,0.9,0.0,0.9,1,3,16,0.32,0.00,0.32,0.00,0.00,0.53,0.00,0.53,0.28,0.28
19,Jasir Asani,FW,Albania,28,1995,3,3,210,2.3,0,1,1,0,0,0,0,0,0.1,0.1,0.4,0.5,4,4,9,0.00,0.43,0.43,0.00,0.43,0.02,0.18,0.20,0.02,0.20
20,Kristjan Asllani,MF,Albania,21,2002,3,3,270,3.0,0,0,0,0,0,0,0,0,0.6,0.6,0.6,1.1,3,10,3,0.00,0.00,0.00,0.00,0.00,0.18,0.19,0.38,0.18,0.38
21,Kaan Ayhan,"MF,DF",Türkiye,29,1994,5,4,358,4.0,0,1,1,0,0,0,1,0,0.3,0.3,0.3,0.6,1,16,4,0.00,0.25,0.25,0.00,0.25,0.08,0.07,0.15,0.08,0.15
22,Alex Baena,"MF,FW",Spain,22,2001,2,0,27,0.3,0,0,0,0,0,0,0,0,0.0,0.0,0.1,0.1,1,2,4,0.00,0.00,0.00,0.00,0.00,0.00,0.26,0.26,0.00,0.26
23,Alexander Bah,"DF,MF",Denmark,26,1997,4,3,281,3.1,0,0,0,0,0,0,0,0,0.4,0.4,0.1,0.4,5,20,9,0.00,0.00,0.00,0.00,0.00,0.12,0.02,0.14,0.12,0.14
24,Nedim Bajrami,"FW,MF",Albania,24,1999,3,3,245,2.7,1,0,1,1,0,0,1,0,0.1,0.1,0.0,0.1,7,5,14,0.37,0.00,0.37,0.37,0.37,0.05,0.00,0.05,0.05,0.05
25,Johan Bakayoko,"FW,DF",Belgium,20,2003,2,0,48,0.5,0,0,0,0,0,0,0,0,0.6,0.6,0.1,0.7,0,1,1,0.00,0.00,0.00,0.00,0.00,1.22,0.19,1.41,1.22,1.41
26,Jure Balkovec,DF,Slovenia,29,1994,2,1,121,1.3,0,0,0,0,0,0,1,0,0.0,0.0,0.0,0.0,0,5,0,0.00,0.00,0.00,0.00,0.00,0.00,0.03,0.03,0.00,0.03
27,Iván Balliu,DF,Albania,32,1992,1,1,90,1.0,0,0,0,0,0,0,0,0,0.0,0.0,0.0,0.0,1,2,1,0.00,0.00,0.00,0.00,0.00,0.00,0.00,0.00,0.00,0.00
28,Nicușor Bancu,DF,Romania,31,1992,3,3,270,3.0,0,0,0,0,0,0,2,0,0.0,0.0,0.1,0.1,7,12,4,0.00,0.00,0.00,0.00,0.00,0.00,0.03,0.03,0.00,0.03
29,Antonín Barák,MF,Czechia,29,1994,3,1,41,0.5,0,0,0,0,0,0,2,1,0.0,0.0,0.0,0.0,1,2,4,0.00,0.00,0.00,0.00,0.00,0.00,0.04,0.04,0.00,0.04
30,Bradley Barcola,"FW,MF",France,21,2002,3,1,103,1.1,0,0,0,0,0,0,0,0,0.1,0.1,0.5,0.7,9,7,20,0.00,0.00,0.00,0.00,0.00,0.14,0.56,0.70,0.14,0.70
31,Abdülkerim Bardakcı,DF,Türkiye,29,1994,4,4,360,4.0,0,0,0,0,0,0,2,0,0.3,0.3,0.3,0.5,6,13,1,0.00,0.00,0.00,0.00,0.00,0.06,0.07,0.14,0.06,0.14
32,Nicolò Barella,MF,Italy,26,1997,4,4,332,3.7,1,0,1,1,0,0,1,0,0.1,0.1,0.3,0.4,8,21,7,0.27,0.00,0.27,0.27,0.27,0.02,0.08,0.10,0.02,0.10
33,Alessandro Bastoni,DF,Italy,24,1999,4,4,360,4.0,1,0,1,1,0,0,0,0,0.5,0.5,0.0,0.5,5,21,6,0.25,0.00,0.25,0.25,0.25,0.13,0.00,0.13,0.13,0.13
34,Martin Baturina,FW,Croatia,20,2003,1,0,7,0.1,0,0,0,0,0,0,0,0,0.1,0.1,0.0,0.1,1,0,0,0.00,0.00,0.00,0.00,0.00,0.95,0.00,0.95,0.95,0.95
35,Christoph Baumgartner,"MF,FW",Austria,24,1999,4,3,289,3.2,1,1,2,1,0,0,1,0,1.8,1.8,0.6,2.4,17,9,17,0.31,0.31,0.62,0.31,0.62,0.56,0.18,0.74,0.56,0.74
36,Altay Bayındır,GK,Türkiye,25,1998,1,1,90,1.0,0,0,0,0,0,0,0,0,0.0,0.0,0.0,0.0,0,0,0,0.00,0.00,0.00,0.00,0.00,0.00,0.00,0.00,0.00,0.00
37,Jan Bednarek,DF,Poland,27,1996,3,3,270,3.0,0,0,0,0,0,0,0,0,0.2,0.2,0.0,0.2,0,2,0,0.00,0.00,0.00,0.00,0.00,0.05,0.00,0.05,0.05,0.05
38,Maximilian Beier,FW,Germany,21,2002,1,0,26,0.3,0,0,0,0,0,0,0,0,0.0,0.0,0.0,0.0,0,0,3,0.00,0.00,0.00,0.00,0.00,0.00,0.00,0.00,0.00,0.00
39,Jude Bellingham,"MF,FW",England,20,2003,7,7,670,7.4,2,1,3,2,0,0,2,0,0.6,0.6,0.4,1.1,26,36,36,0.27,0.13,0.40,0.27,0.40,0.09,0.06,0.15,0.09,0.15
40,László Bénes,MF,Slovakia,26,1997,2,0,71,0.8,0,0,0,0,0,0,0,0,0.1,0.1,0.7,0.8,0,0,8,0.00,0.00,0.00,0.00,0.00,0.23,1.55,1.78,0.23,1.78
41,Bartosz Bereszyński,DF,Poland,31,1992,1,0,5,0.1,0,0,0,0,0,0,0,0,0.0,0.0,0.0,0.0,0,0,0,0.00,0.00,0.00,0.00,0.00,0.00,0.00,0.00,0.00,0.00
42,Steven Bergwijn,FW,Netherlands,26,1997,2,2,90,1.0,0,0,0,0,0,0,0,0,0.0,0.0,0.0,0.0,7,7,4,0.00,0.00,0.00,0.00,0.00,0.02,0.00,0.02,0.02,0.02
43,Medon Berisha,MF,Albania,20,2003,1,0,21,0.2,0,0,0,0,0,0,1,0,0.0,0.0,0.0,0.0,0,1,1,0.00,0.00,0.00,0.00,0.00,0.14,0.00,0.14,0.14,0.14
44,Victor Bernth Kristiansen,"DF,MF",Denmark,21,2002,4,2,156,1.7,0,1,1,0,0,0,0,0,0.0,0.0,0.3,0.3,5,1,18,0.00,0.58,0.58,0.00,0.58,0.02,0.17,0.19,0.02,0.19
45,Matúš Bero,"MF,DF",Slovakia,28,1995,2,0,41,0.5,0,0,0,0,0,0,0,0,0.0,0.0,0.0,0.0,1,3,6,0.00,0.00,0.00,0.00,0.00,0.26,0.00,0.26,0.26,0.26
46,Jaka Bijol,DF,Slovenia,24,1999,4,4,390,4.3,0,0,0,0,0,0,2,0,0.0,0.0,0.0,0.0,0,3,0,0.00,0.00,0.00,0.00,0.00,0.00,0.00,0.01,0.00,0.01
47,Veljko Birmančević,DF,Serbia,25,1998,2,0,26,0.3,0,0,0,0,0,0,0,0,0.0,0.0,0.0,0.0,3,3,7,0.00,0.00,0.00,0.00,0.00,0.06,0.00,0.06,0.06,0.06
48,Daley Blind,FW,Netherlands,33,1990,1,0,1,0.0,0,0,0,0,0,0,0,0,0.0,0.0,0.0,0.0,0,0,0,0.00,0.00,0.00,0.00,0.00,0.00,0.00,0.00,0.00,0.00
49,Bendegúz Bolla,DF,Hungary,24,1999,3,2,204,2.3,0,0,0,0,0,0,1,0,0.1,0.1,0.2,0.3,2,3,13,0.00,0.00,0.00,0.00,0.00,0.03,0.10,0.13,0.03,0.13
50,Endre Botka,DF,Hungary,29,1994,1,1,90,1.0,0,0,0,0,0,0,0,0,0.0,0.0,0.0,0.0,0,3,0,0.00,0.00,0.00,0.00,0.00,0.00,0.00,0.00,0.00,0.00
51,Jarrod Bowen,FW,England,27,1996,2,0,37,0.4,0,0,0,0,0,0,0,0,0.0,0.0,0.2,0.2,1,0,3,0.00,0.00,0.00,0.00,0.00,0.00,0.49,0.49,0.00,0.49
52,Róbert Boženík,FW,Slovakia,24,1999,4,2,208,2.3,0,0,0,0,0,0,0,0,0.1,0.1,0.0,0.1,1,1,10,0.00,0.00,0.00,0.00,0.00,0.06,0.02,0.07,0.06,0.07
53,Volodymyr Brazhko,MF,Ukraine,22,2002,3,2,182,2.0,0,0,0,0,0,0,0,0,0.0,0.0,0.0,0.1,0,3,1,0.00,0.00,0.00,0.00,0.00,0.02,0.02,0.04,0.02,0.04
54,David Brekalo,MF,Slovenia,25,1998,2,0,2,0.0,0,0,0,0,0,0,0,0,0.0,0.0,0.0,0.0,0,0,0,0.00,0.00,0.00,0.00,0.00,0.00,0.00,0.00,0.00,0.00
55,Brian Brobbey,FW,Netherlands,21,2002,1,0,1,0.0,0,0,0,0,0,0,0,0,0.0,0.0,0.0,0.0,0,0,0,0.00,0.00,0.00,0.00,0.00,0.00,0.00,0.00,0.00,0.00
56,Armando Broja,FW,Albania,22,2001,2,1,108,1.2,0,0,0,0,0,0,1,0,0.2,0.2,0.1,0.3,2,1,4,0.00,0.00,0.00,0.00,0.00,0.18,0.06,0.23,0.18,0.23
57,Marcelo Brozović,MF,Croatia,31,1992,3,3,225,2.5,0,0,0,0,0,0,1,0,0.1,0.1,0.1,0.2,2,13,6,0.00,0.00,0.00,0.00,0.00,0.06,0.03,0.09,0.06,0.09
58,Jacob Bruun Larsen,FW,Denmark,25,1998,1,0,10,0.1,0,0,0,0,0,0,0,0,0.0,0.0,0.0,0.0,1,1,4,0.00,0.00,0.00,0.00,0.00,0.00,0.00,0.00,0.00,0.00
59,Ante Budimir,FW,Croatia,32,1991,3,1,122,1.4,0,1,1,0,0,0,0,0,0.8,0.5,1.2,1.7,1,2,5,0.00,0.74,0.74,0.00,0.74,0.60,0.87,1.48,0.38,1.25
60,Adam Buksa,FW,Poland,27,1996,2,2,149,1.7,1,0,1,1,0,0,0,0,0.2,0.2,0.2,0.3,1,1,6,0.60,0.00,0.60,0.60,0.60,0.10,0.11,0.21,0.10,0.21
61,Andrei Burcă,DF,Romania,30,1993,4,4,360,4.0,0,0,0,0,0,0,1,0,0.1,0.1,0.0,0.1,2,6,1,0.00,0.00,0.00,0.00,0.00,0.02,0.00,0.02,0.02,0.02
62,Riccardo Calafiori,DF,Italy,21,2002,3,3,270,3.0,0,1,1,0,0,0,2,0,0.3,0.3,0.2,0.5,7,11,1,0.00,0.33,0.33,0.00,0.33,0.10,0.08,0.17,0.10,0.17
63,Hakan Çalhanoğlu,MF,Türkiye,29,1994,4,4,355,3.9,1,0,1,1,0,0,2,0,0.4,0.4,0.2,0.6,5,18,12,0.25,0.00,0.25,0.25,0.25,0.09,0.05,0.14,0.09,0.14
64,Eduardo Camavinga,MF,France,21,2002,4,1,169,1.9,0,0,0,0,0,0,1,0,0.3,0.3,0.1,0.4,2,12,5,0.00,0.00,0.00,0.00,0.00,0.15,0.04,0.20,0.15,0.20
65,Andrea Cambiaso,"FW,DF",Italy,23,2000,3,0,76,0.8,0,0,0,0,0,0,0,0,0.0,0.0,0.0,0.0,1,1,7,0.00,0.00,0.00,0.00,0.00,0.00,0.00,0.00,0.00,0.00
66,Emre Can,MF,Germany,30,1994,4,1,102,1.1,1,0,1,1,0,0,0,0,0.0,0.0,0.0,0.1,1,4,1,0.88,0.00,0.88,0.88,0.88,0.03,0.03,0.06,0.03,0.06
67,João Cancelo,"DF,MF",Portugal,29,1994,4,4,345,3.8,0,0,0,0,0,0,1,0,0.1,0.1,0.4,0.4,14,36,26,0.00,0.00,0.00,0.00,0.00,0.02,0.09,0.11,0.02,0.11
68,Yannick Carrasco,"DF,FW",Belgium,30,1993,4,2,218,2.4,0,0,0,0,0,0,0,0,0.3,0.3,0.0,0.3,5,10,12,0.00,0.00,0.00,0.00,0.00,0.14,0.00,0.14,0.14,0.14
69,Dani Carvajal,DF,Spain,32,1992,5,5,469,5.2,1,0,1,1,0,0,3,1,0.5,0.5,0.5,1.0,11,23,15,0.19,0.00,0.19,0.19,0.19,0.10,0.09,0.19,0.10,0.19
70,Timothy Castagne,DF,Belgium,28,1995,4,4,357,4.0,0,0,0,0,0,0,0,0,0.0,0.0,0.0,0.0,4,11,16,0.00,0.00,0.00,0.00,0.00,0.00,0.00,0.00,0.00,0.00
71,Koen Casteels,GK,Belgium,31,1992,4,4,360,4.0,0,0,0,0,0,0,0,0,0.0,0.0,0.0,0.0,0,0,0,0.00,0.00,0.00,0.00,0.00,0.00,0.00,0.00,0.00,0.00
72,Žan Celar,"FW,MF",Slovenia,24,1999,3,0,67,0.7,0,0,0,0,0,0,1,0,0.0,0.0,0.0,0.0,1,1,2,0.00,0.00,0.00,0.00,0.00,0.07,0.00,0.07,0.07,0.07
73,Zeki Çelik,"DF,MF",Türkiye,26,1997,3,1,105,1.2,0,0,0,0,0,0,1,0,0.2,0.2,0.5,0.7,1,3,11,0.00,0.00,0.00,0.00,0.00,0.17,0.46,0.63,0.17,0.63
74,Václav Černý,MF,Czechia,26,1997,1,1,54,0.6,0,0,0,0,0,0,0,0,0.5,0.5,0.1,0.6,1,1,2,0.00,0.00,0.00,0.00,0.00,0.81,0.17,0.99,0.81,0.99
75,Giorgi Chakvetadze,"MF,FW",Georgia,24,1999,4,3,244,2.7,0,0,0,0,0,0,0,0,0.1,0.1,0.3,0.4,8,11,7,0.00,0.00,0.00,0.00,0.00,0.02,0.11,0.14,0.02,0.14
76,Federico Chiesa,"FW,MF",Italy,26,1997,4,3,263,2.9,0,0,0,0,0,0,0,0,0.2,0.2,0.3,0.4,14,5,32,0.00,0.00,0.00,0.00,0.00,0.06,0.09,0.15,0.06,0.15
77,Tomáš Chorý,MF,Czechia,29,1995,2,0,36,0.4,0,0,0,0,0,0,0,1,0.4,0.4,0.0,0.4,0,0,1,0.00,0.00,0.00,0.00,0.00,1.00,0.00,1.00,1.00,1.00
78,Andreas Christensen,DF,Denmark,27,1996,4,4,350,3.9,0,0,0,0,0,0,0,0,0.5,0.5,0.0,0.5,1,9,0,0.00,0.00,0.00,0.00,0.00,0.12,0.00,0.12,0.12,0.12
79,Ryan Christie,"MF,FW",Scotland,28,1995,3,1,99,1.1,0,0,0,0,0,0,0,0,0.0,0.0,0.0,0.0,0,0,4,0.00,0.00,0.00,0.00,0.00,0.00,0.00,0.00,0.00,0.00
80,Mojmir Chytil,FW,Czechia,24,1999,3,1,107,1.2,0,0,0,0,0,0,0,0,0.2,0.2,0.1,0.3,0,1,2,0.00,0.00,0.00,0.00,0.00,0.16,0.10,0.26,0.16,0.26
81,Alexandru Cicâldău,MF,Romania,26,1997,1,0,19,0.2,0,0,0,0,0,0,0,0,0.0,0.0,0.0,0.0,0,0,0,0.00,0.00,0.00,0.00,0.00,0.00,0.00,0.00,0.00,0.00
82,Florinel Coman,MF,Romania,25,1998,2,2,118,1.3,0,0,0,0,0,0,0,0,0.1,0.1,0.1,0.1,3,1,4,0.00,0.00,0.00,0.00,0.00,0.05,0.05,0.10,0.05,0.10
83,Kingsley Coman,MF,France,27,1996,1,0,16,0.2,0,0,0,0,0,0,0,0,0.0,0.0,0.0,0.0,0,1,3,0.00,0.00,0.00,0.00,0.00,0.00,0.00,0.00,0.00,0.00
84,Francisco Conceição,"FW,MF",Portugal,21,2002,4,1,182,2.0,1,0,1,1,0,0,1,0,0.9,0.9,1.6,2.5,15,9,34,0.49,0.00,0.49,0.49,0.49,0.66,1.21,1.88,0.66,1.88
85,Diogo Costa,GK,Portugal,24,1999,5,5,510,5.7,0,0,0,0,0,0,0,0,0.0,0.0,0.0,0.0,0,0,0,0.00,0.00,0.00,0.00,0.00,0.00,0.00,0.00,0.00,0.00
86,Vladimír Coufal,"DF,FW",Czechia,31,1992,3,3,270,3.0,0,1,1,0,0,0,1,0,0.0,0.0,0.6,0.6,10,11,12,0.00,0.33,0.33,0.00,0.33,0.00,0.19,0.19,0.00,0.19
87,Bryan Cristante,MF,Italy,28,1995,3,1,133,1.5,0,0,0,0,0,0,1,0,0.1,0.1,0.2,0.3,4,5,2,0.00,0.00,0.00,0.00,0.00,0.05,0.13,0.18,0.05,0.18
88,Kevin Csoboth,DF,Hungary,23,2000,2,0,9,0.1,1,0,1,1,0,0,2,0,0.6,0.6,0.0,0.6,1,2,1,10.00,0.00,10.00,10.00,10.00,6.22,0.00,6.22,6.22,6.22
89,Marc Cucurella,DF,Spain,25,1998,6,6,545,6.1,0,1,1,0,0,0,0,0,0.0,0.0,1.1,1.2,16,29,33,0.00,0.17,0.17,0.00,0.17,0.00,0.20,0.20,0.00,0.20
90,Mirlind Daku,FW,Albania,26,1998,1,0,6,0.1,0,0,0,0,0,0,1,0,0.1,0.1,0.1,0.2,1,1,2,0.00,0.00,0.00,0.00,0.00,1.71,1.99,3.70,1.71,3.70
91,Diogo Dalot,"DF,MF",Portugal,24,1999,2,2,152,1.7,0,0,0,0,0,0,0,0,0.1,0.1,0.0,0.1,2,11,13,0.00,0.00,0.00,0.00,0.00,0.03,0.02,0.06,0.03,0.06
92,Mikkel Damsgaard,FW,Denmark,23,2000,1,0,34,0.4,0,0,0,0,0,0,0,0,0.0,0.0,0.0,0.0,0,0,2,0.00,0.00,0.00,0.00,0.00,0.03,0.00,0.03,0.03,0.03
93,Kevin Danso,DF,Austria,25,1998,3,2,212,2.4,0,0,0,0,0,0,1,0,0.0,0.0,0.0,0.0,4,22,1,0.00,0.00,0.00,0.00,0.00,0.02,0.00,0.02,0.02,0.02
94,Márton Dárdai,DF,Hungary,21,2002,3,2,175,1.9,0,0,0,0,0,0,0,0,0.1,0.1,0.0,0.1,0,5,0,0.00,0.00,0.00,0.00,0.00,0.04,0.00,0.04,0.04,0.04
95,Matteo Darmian,DF,Italy,34,1989,3,2,161,1.8,0,0,0,0,0,0,0,0,0.0,0.0,0.0,0.0,1,6,5,0.00,0.00,0.00,0.00,0.00,0.00,0.00,0.00,0.00,0.00
96,Zuriko Davitashvili,"FW,MF",Georgia,22,2001,4,1,115,1.3,0,0,0,0,0,0,1,0,0.1,0.1,0.0,0.1,3,3,11,0.00,0.00,0.00,0.00,0.00,0.07,0.00,0.07,0.07,0.07
97,Paweł Dawidowicz,DF,Poland,28,1995,2,2,180,2.0,0,0,0,0,0,0,1,0,0.1,0.1,0.0,0.1,0,0,0,0.00,0.00,0.00,0.00,0.00,0.05,0.00,0.05,0.05,0.05
98,Kevin De Bruyne,MF,Belgium,32,1991,4,4,360,4.0,1,0,1,1,0,0,0,0,0.9,0.9,1.6,2.5,7,28,21,0.25,0.00,0.25,0.25,0.25,0.21,0.40,0.61,0.21,0.61
99,Charles De Ketelaere,FW,Belgium,22,2001,1,0,3,0.0,0,0,0,0,0,0,0,0,0.0,0.0,0.0,0.0,0,0,0,0.00,0.00,0.00,0.00,0.00,0.00,0.00,0.00,0.00,0.00
100,Zeno Debast,DF,Belgium,20,2003,2,1,104,1.2,0,0,0,0,0,0,0,0,0.0,0.0,0.1,0.1,0,3,0,0.00,0.00,0.00,0.00,0.00,0.00,0.09,0.09,0.00,0.09
101,Thomas Delaney,MF,Denmark,32,1991,3,1,84,0.9,0,0,0,0,0,0,0,0,0.1,0.1,0.2,0.3,2,4,4,0.00,0.00,0.00,0.00,0.00,0.12,0.25,0.37,0.12,0.37
102,Ousmane Dembélé,"FW,MF",France,26,1997,5,4,361,4.0,0,0,0,0,0,0,1,0,0.5,0.5,1.2,1.7,32,14,46,0.00,0.00,0.00,0.00,0.00,0.15,0.32,0.47,0.15,0.47
103,Merih Demiral,DF,Türkiye,25,1998,4,2,208,2.3,2,0,2,2,0,0,0,0,0.7,0.7,0.0,0.7,0,4,0,0.87,0.00,0.87,0.87,0.87,0.32,0.01,0.32,0.32,0.32
104,Giovanni Di Lorenzo,"DF,FW",Italy,30,1993,4,4,360,4.0,0,0,0,0,0,0,0,0,0.2,0.2,0.0,0.2,4,23,9,0.00,0.00,0.00,0.00,0.00,0.04,0.00,0.04,0.04,0.04
105,Rúben Dias,DF,Portugal,26,1997,4,4,420,4.7,0,0,0,0,0,0,0,0,0.1,0.1,0.1,0.2,6,22,4,0.00,0.00,0.00,0.00,0.00,0.02,0.02,0.04,0.02,0.04
106,Federico Dimarco,"DF,FW",Italy,26,1997,3,3,228,2.5,0,0,0,0,0,0,0,0,0.0,0.0,0.3,0.3,6,5,13,0.00,0.00,0.00,0.00,0.00,0.02,0.10,0.12,0.02,0.12
107,Berat Djimsiti,DF,Albania,30,1993,3,3,270,3.0,0,0,0,0,0,0,0,0,0.1,0.1,0.0,0.1,1,6,0,0.00,0.00,0.00,0.00,0.00,0.03,0.00,0.04,0.03,0.04
108,Jeremy Doku,"FW,MF",Belgium,21,2002,4,4,320,3.6,0,0,0,0,0,0,0,0,0.2,0.2,0.6,0.8,30,10,31,0.00,0.00,0.00,0.00,0.00,0.06,0.17,0.23,0.06,0.23
109,Kasper Dolberg,FW,Denmark,26,1997,2,0,40,0.4,0,0,0,0,0,0,0,0,0.0,0.0,0.0,0.0,0,0,3,0.00,0.00,0.00,0.00,0.00,0.00,0.00,0.00,0.00,0.00
110,Gianluigi Donnarumma,GK,Italy,24,1999,4,4,360,4.0,0,0,0,0,0,0,1,0,0.0,0.0,0.0,0.0,0,0,0,0.00,0.00,0.00,0.00,0.00,0.00,0.00,0.00,0.00,0.00
111,David Doudera,FW,Czechia,25,1998,1,1,90,1.0,0,0,0,0,0,0,0,0,0.0,0.0,0.0,0.0,3,2,1,0.00,0.00,0.00,0.00,0.00,0.00,0.00,0.00,0.00,0.00
112,Artem Dovbyk,FW,Ukraine,26,1997,3,3,246,2.7,0,0,0,0,0,0,1,0,0.6,0.6,0.6,1.2,2,2,12,0.00,0.00,0.00,0.00,0.00,0.23,0.20,0.44,0.23,0.44
113,Denis Drăguș,FW,Romania,24,1999,4,4,291,3.2,1,0,1,1,0,0,0,0,1.1,1.1,0.1,1.1,2,3,13,0.31,0.00,0.31,0.31,0.31,0.33,0.02,0.35,0.33,0.35
114,Radu Drăgușin,DF,Romania,21,2002,4,4,360,4.0,0,0,0,0,0,0,0,0,0.2,0.2,0.0,0.2,0,3,1,0.00,0.00,0.00,0.00,0.00,0.06,0.00,0.06,0.06,0.06
115,Vanja Drkušič,DF,Slovenia,24,1999,4,4,390,4.3,0,0,0,0,0,0,1,0,0.0,0.0,0.1,0.1,0,3,1,0.00,0.00,0.00,0.00,0.00,0.00,0.03,0.03,0.00,0.03
116,Kwadwo Duah,FW,Switzerland,26,1997,3,1,107,1.2,1,0,1,1,0,0,0,0,0.7,0.7,0.0,0.7,1,1,5,0.84,0.00,0.84,0.84,0.84,0.60,0.00,0.60,0.60,0.60
117,Martin Dúbravka,GK,Slovakia,35,1989,4,4,390,4.3,0,0,0,0,0,0,0,0,0.0,0.0,0.0,0.0,0,0,0,0.00,0.00,0.00,0.00,0.00,0.00,0.00,0.00,0.00,0.00
118,Ondrej Duda,MF,Slovakia,29,1994,4,4,317,3.5,1,0,1,1,0,0,1,0,0.3,0.3,0.1,0.4,2,9,9,0.28,0.00,0.28,0.28,0.28,0.08,0.04,0.12,0.08,0.12
119,Denzel Dumfries,DF,Netherlands,27,1996,5,5,449,5.0,0,0,0,0,0,0,2,0,0.3,0.3,0.7,0.9,7,19,42,0.00,0.00,0.00,0.00,0.00,0.05,0.14,0.19,0.05,0.19
120,Dávid Ďuriš,"FW,MF",Slovakia,24,1999,2,0,23,0.3,0,0,0,0,0,0,0,0,0.0,0.0,0.0,0.0,0,1,0,0.00,0.00,0.00,0.00,0.00,0.00,0.00,0.00,0.00,0.00
121,Lasha Dvali,DF,Georgia,28,1995,4,4,360,4.0,0,0,0,0,0,0,0,0,0.0,0.0,0.0,0.0,2,8,0,0.00,0.00,0.00,0.00,0.00,0.00,0.00,0.00,0.00,0.00
122,Timi Elšnik,MF,Slovenia,25,1998,4,4,359,4.0,0,1,1,0,0,0,0,0,0.3,0.3,0.5,0.9,12,11,3,0.00,0.25,0.25,0.00,0.25,0.08,0.14,0.22,0.08,0.22
123,Breel Embolo,FW,Switzerland,26,1997,5,3,296,3.3,2,0,2,2,0,0,0,0,2.1,2.1,0.2,2.3,4,6,13,0.61,0.00,0.61,0.61,0.61,0.65,0.05,0.70,0.65,0.70
124,Christian Eriksen,"MF,FW",Denmark,31,1992,4,4,348,3.9,1,0,1,1,0,0,0,0,1.3,1.3,0.8,2.1,5,17,14,0.26,0.00,0.26,0.26,0.26,0.33,0.21,0.55,0.33,0.55
125,Eberechi Eze,"DF,MF",England,25,1998,3,0,102,1.1,0,0,0,0,0,0,0,0,0.1,0.1,0.0,0.1,6,1,7,0.00,0.00,0.00,0.00,0.00,0.16,0.00,0.16,0.16,0.16
126,Wout Faes,DF,Belgium,25,1998,4,4,360,4.0,0,0,0,0,0,0,1,0,0.0,0.0,0.0,0.0,3,9,0,0.00,0.00,0.00,0.00,0.00,0.00,0.00,0.00,0.00,0.00
127,Nicolò Fagioli,MF,Italy,22,2001,2,1,95,1.1,0,0,0,0,0,0,1,0,0.0,0.0,0.0,0.0,3,6,0,0.00,0.00,0.00,0.00,0.00,0.02,0.02,0.03,0.02,0.03
128,João Félix,"MF,FW",Portugal,24,1999,2,1,105,1.2,0,0,0,0,0,0,0,0,0.1,0.1,0.4,0.5,2,6,15,0.00,0.00,0.00,0.00,0.00,0.14,0.35,0.49,0.14,0.49
129,Bruno Fernandes,MF,Portugal,29,1994,4,4,374,4.2,1,0,1,1,0,0,0,0,1.2,1.2,0.8,2.0,17,39,33,0.24,0.00,0.24,0.24,0.24,0.32,0.21,0.53,0.32,0.53
130,Attila Fiola,DF,Hungary,33,1990,2,2,180,2.0,0,0,0,0,0,0,0,0,0.0,0.0,0.0,0.0,2,3,3,0.00,0.00,0.00,0.00,0.00,0.00,0.02,0.02,0.00,0.02
131,Phil Foden,"FW,MF",England,23,2000,7,7,617,6.9,0,0,0,0,0,0,1,0,0.5,0.5,0.5,1.1,7,22,44,0.00,0.00,0.00,0.00,0.00,0.08,0.08,0.16,0.08,0.16
132,Youssouf Fofana,MF,France,25,1999,3,0,41,0.5,0,0,0,0,0,0,0,0,0.0,0.0,0.0,0.0,1,2,1,0.00,0.00,0.00,0.00,0.00,0.21,0.00,0.21,0.21,0.21
133,Michael Folorunsho,FW,Italy,25,1998,1,0,1,0.0,0,0,0,0,0,0,0,0,0.0,0.0,0.0,0.0,0,0,0,0.00,0.00,0.00,0.00,0.00,0.00,0.00,0.00,0.00,0.00
134,Przemysław Frankowski,DF,Poland,28,1995,3,3,270,3.0,0,0,0,0,0,0,0,0,0.0,0.0,0.4,0.4,6,11,9,0.00,0.00,0.00,0.00,0.00,0.00,0.15,0.15,0.00,0.15
135,Davide Frattesi,MF,Italy,24,1999,4,2,185,2.1,0,0,0,0,0,0,0,0,0.3,0.3,0.0,0.3,2,4,13,0.00,0.00,0.00,0.00,0.00,0.12,0.00,0.12,0.12,0.12
136,Remo Freuler,MF,Switzerland,31,1992,5,5,456,5.1,1,2,3,1,0,0,1,0,0.3,0.3,0.6,0.9,7,22,17,0.20,0.39,0.59,0.20,0.59,0.05,0.12,0.18,0.05,0.18
137,Jeremie Frimpong,FW,Netherlands,23,2000,3,1,86,1.0,0,0,0,0,0,0,0,0,0.1,0.1,0.1,0.1,3,2,10,0.00,0.00,0.00,0.00,0.00,0.06,0.05,0.12,0.06,0.12
138,Chris Führich,FW,Germany,26,1998,1,0,19,0.2,0,0,0,0,0,0,0,0,0.0,0.0,0.0,0.0,3,2,3,0.00,0.00,0.00,0.00,0.00,0.17,0.00,0.17,0.17,0.17
139,Niclas Füllkrug,FW,Germany,30,1993,5,0,166,1.8,2,0,2,2,0,0,0,0,1.0,1.0,0.6,1.6,2,4,12,1.08,0.00,1.08,1.08,1.08,0.69,0.40,1.09,0.69,1.09
140,Mijat Gaćinović,DF,Serbia,28,1995,1,0,45,0.5,0,0,0,0,0,0,1,0,0.1,0.1,0.0,0.1,0,0,4,0.00,0.00,0.00,0.00,0.00,0.13,0.00,0.13,0.13,0.13
141,Cody Gakpo,FW,Netherlands,24,1999,6,6,523,5.8,3,1,4,3,0,0,0,0,1.1,1.1,2.0,3.0,22,11,55,0.52,0.17,0.69,0.52,0.69,0.18,0.34,0.52,0.18,0.52
142,Conor Gallagher,MF,England,23,2000,5,1,120,1.3,0,0,0,0,0,0,1,0,0.0,0.0,0.0,0.0,0,1,1,0.00,0.00,0.00,0.00,0.00,0.00,0.00,0.00,0.00,0.00
143,Dániel Gazdag,MF,Hungary,27,1996,1,0,4,0.0,0,0,0,0,0,0,0,0,0.0,0.0,0.0,0.0,0,0,0,0.00,0.00,0.00,0.00,0.00,0.00,0.00,0.00,0.00,0.00
144,Lutsharel Geertruida,DF,Netherlands,23,2000,2,1,108,1.2,0,0,0,0,0,0,0,0,0.0,0.0,0.1,0.1,1,5,0,0.00,0.00,0.00,0.00,0.00,0.00,0.05,0.05,0.00,0.05
145,Billy Gilmour,MF,Scotland,22,2001,3,2,184,2.0,0,0,0,0,0,0,0,0,0.0,0.0,0.0,0.0,3,7,3,0.00,0.00,0.00,0.00,0.00,0.02,0.00,0.02,0.02,0.02
146,Olivier Giroud,FW,France,37,1986,4,0,59,0.7,0,0,0,0,0,0,0,0,0.2,0.2,0.0,0.2,0,0,5,0.00,0.00,0.00,0.00,0.00,0.23,0.06,0.29,0.23,0.29
147,Klaus Gjasula,MF,Albania,34,1989,1,0,19,0.2,1,0,1,1,0,0,1,0,0.3,0.3,0.0,0.3,0,3,0,4.74,0.00,4.74,4.74,4.74,1.48,0.00,1.48,1.48,1.48
148,Adam Gnezda Čerin,MF,Slovenia,24,1999,4,4,390,4.3,0,0,0,0,0,0,0,0,0.3,0.3,0.0,0.3,4,11,5,0.00,0.00,0.00,0.00,0.00,0.06,0.01,0.07,0.06,0.07
149,Anthony Gordon,FW,England,22,2001,1,0,2,0.0,0,0,0,0,0,0,0,0,0.0,0.0,0.0,0.0,0,1,1,0.00,0.00,0.00,0.00,0.00,0.00,0.84,0.84,0.00,0.84
150,Jon Gorenc Stanković,MF,Slovenia,28,1996,4,0,94,1.0,0,0,0,0,0,0,1,0,0.0,0.0,0.0,0.0,0,5,1,0.00,0.00,0.00,0.00,0.00,0.05,0.00,0.05,0.05,0.05
151,Michael Gregoritsch,FW,Austria,29,1994,4,1,126,1.4,1,0,1,1,0,0,0,0,0.9,0.9,0.0,0.9,0,3,9,0.71,0.00,0.71,0.71,0.71,0.68,0.00,0.68,0.68,0.68
152,Antoine Griezmann,"MF,FW",France,32,1991,6,4,394,4.4,0,0,0,0,0,0,1,0,2.0,2.0,0.3,2.3,7,24,23,0.00,0.00,0.00,0.00,0.00,0.45,0.08,0.53,0.45,0.53
153,Florian Grillitsch,MF,Austria,28,1995,4,3,194,2.2,0,1,1,0,0,0,0,0,0.2,0.2,0.1,0.3,5,22,3,0.00,0.46,0.46,0.00,0.46,0.09,0.06,0.15,0.09,0.15
154,Álex Grimaldo,DF,Spain,28,1995,2,1,115,1.3,0,0,0,0,0,0,0,0,0.0,0.0,0.6,0.6,4,6,13,0.00,0.00,0.00,0.00,0.00,0.00,0.47,0.47,0.00,0.47
155,Pascal Groß,MF,Germany,32,1991,1,0,45,0.5,0,0,0,0,0,0,0,0,0.0,0.0,0.0,0.0,0,5,2,0.00,0.00,0.00,0.00,0.00,0.07,0.00,0.07,0.07,0.07
156,Kamil Grosicki,MF,Poland,35,1988,1,0,16,0.2,0,0,0,0,0,0,0,0,0.3,0.3,0.0,0.3,0,0,1,0.00,0.00,0.00,0.00,0.00,1.61,0.00,1.61,1.61,1.61
157,Nemanja Gudelj,MF,Serbia,32,1991,2,2,90,1.0,0,0,0,0,0,0,1,0,0.0,0.0,0.0,0.0,0,7,0,0.00,0.00,0.00,0.00,0.00,0.00,0.00,0.00,0.00,0.00
158,Marc Guéhi,DF,England,23,2000,6,6,570,6.3,0,1,1,0,0,0,2,0,0.2,0.2,0.1,0.3,3,18,1,0.00,0.16,0.16,0.00,0.16,0.03,0.02,0.05,0.03,0.05
159,Péter Gulácsi,GK,Hungary,33,1990,3,3,270,3.0,0,0,0,0,0,0,0,0,0.0,0.0,0.0,0.0,0,0,0,0.00,0.00,0.00,0.00,0.00,0.00,0.00,0.00,0.00,0.00
160,Arda Güler,"FW,MF",Türkiye,18,2005,5,4,340,3.8,1,2,3,1,0,0,1,0,0.3,0.3,1.4,1.6,9,20,18,0.26,0.53,0.79,0.26,0.79,0.07,0.36,0.43,0.07,0.43
161,İlkay Gündoğan,MF,Germany,33,1990,5,5,383,4.3,1,1,2,1,0,0,0,0,0.8,0.8,0.2,1.0,4,21,26,0.23,0.23,0.47,0.23,0.47,0.18,0.05,0.23,0.18,0.23
162,Angus Gunn,GK,Scotland,28,1996,3,3,270,3.0,0,0,0,0,0,0,0,0,0.0,0.0,0.0,0.0,0,0,0,0.00,0.00,0.00,0.00,0.00,0.00,0.00,0.00,0.00,0.00
163,Mert Günok,GK,Türkiye,34,1989,4,4,360,4.0,0,0,0,0,0,0,1,0,0.0,0.0,0.0,0.0,0,0,0,0.00,0.00,0.00,0.00,0.00,0.00,0.00,0.00,0.00,0.00
164,Joško Gvardiol,DF,Croatia,22,2002,3,3,270,3.0,0,0,0,0,0,0,0,0,0.1,0.1,0.0,0.1,3,15,8,0.00,0.00,0.00,0.00,0.00,0.03,0.00,0.03,0.03,0.03
165,Giorgi Gwelesiani,DF,Georgia,32,1991,3,2,162,1.8,0,0,0,0,0,0,1,0,0.0,0.0,0.0,0.0,1,1,0,0.00,0.00,0.00,0.00,0.00,0.00,0.00,0.00,0.00,0.00
166,Norbert Gyömbér,DF,Slovakia,31,1992,2,0,32,0.4,0,0,0,0,0,0,1,0,0.0,0.0,0.1,0.1,4,4,0,0.00,0.00,0.00,0.00,0.00,0.00,4.13,4.13,0.00,4.13
167,Ianis Hagi,MF,Romania,25,1998,4,2,188,2.1,0,0,0,0,0,0,0,0,0.1,0.1,0.1,0.2,4,3,5,0.00,0.00,0.00,0.00,0.00,0.06,0.04,0.10,0.06,0.10
168,Dávid Hancko,DF,Slovakia,26,1997,4,4,366,4.1,0,0,0,0,0,0,0,0,0.2,0.2,0.0,0.3,6,20,14,0.00,0.00,0.00,0.00,0.00,0.07,0.01,0.07,0.07,0.07
169,Grant Hanley,DF,Scotland,32,1991,3,2,225,2.5,0,0,0,0,0,0,0,0,0.2,0.2,0.1,0.3,0,4,0,0.00,0.00,0.00,0.00,0.00,0.09,0.03,0.12,0.09,0.12
170,Lukáš Haraslín,FW,Slovakia,27,1996,4,4,264,2.9,0,1,1,0,0,0,0,0,0.5,0.5,0.6,1.1,13,2,20,0.00,0.34,0.34,0.00,0.34,0.16,0.20,0.36,0.16,0.36
171,Kai Havertz,"FW,MF",Germany,24,1999,5,5,389,4.3,2,1,3,0,2,2,0,0,4.1,2.5,0.3,2.8,12,11,38,0.46,0.23,0.69,0.00,0.23,0.95,0.06,1.01,0.59,0.65
172,Jack Hendry,DF,Scotland,28,1995,3,3,261,2.9,0,0,0,0,0,0,0,0,0.0,0.0,0.0,0.0,1,6,2,0.00,0.00,0.00,0.00,0.00,0.01,0.00,0.01,0.01,0.01
173,Benjamin Henrichs,DF,Germany,26,1997,1,0,10,0.1,0,0,0,0,0,0,0,0,0.0,0.0,0.0,0.0,1,2,1,0.00,0.00,0.00,0.00,0.00,0.17,0.00,0.17,0.17,0.17
174,Theo Hernández,DF,France,26,1997,6,6,570,6.3,0,0,0,0,0,0,0,0,0.4,0.4,1.0,1.4,22,38,63,0.00,0.00,0.00,0.00,0.00,0.06,0.17,0.24,0.06,0.24
175,Morten Hjulmand,MF,Denmark,24,1999,3,3,245,2.7,1,0,1,1,0,0,2,0,0.1,0.1,0.1,0.2,1,18,7,0.37,0.00,0.37,0.37,0.37,0.05,0.02,0.07,0.05,0.07
176,Adam Hložek,MF,Czechia,21,2002,2,2,108,1.2,0,0,0,0,0,0,0,0,0.5,0.5,0.0,0.5,1,1,3,0.00,0.00,0.00,0.00,0.00,0.46,0.00,0.46,0.46,0.46
177,Tomáš Holeš,DF,Czechia,30,1993,3,3,269,3.0,0,0,0,0,0,0,1,0,0.0,0.0,0.0,0.1,1,8,0,0.00,0.00,0.00,0.00,0.00,0.01,0.02,0.02,0.01,0.02
178,Arbër Hoxha,"FW,MF",Albania,25,1998,3,0,50,0.6,0,0,0,0,0,0,1,0,0.1,0.1,0.0,0.1,7,1,3,0.00,0.00,0.00,0.00,0.00,0.17,0.08,0.25,0.17,0.25
179,Robin Hranáč,DF,Czechia,24,2000,3,3,270,3.0,0,1,1,0,0,0,0,0,0.3,0.3,0.5,0.8,1,8,1,0.00,0.33,0.33,0.00,0.33,0.11,0.16,0.27,0.11,0.27
180,Elseid Hysaj,DF,Albania,29,1994,2,2,180,2.0,0,0,0,0,0,0,1,0,0.1,0.1,0.1,0.2,0,5,2,0.00,0.00,0.00,0.00,0.00,0.04,0.07,0.11,0.04,0.11
181,Pierre Højbjerg,MF,Denmark,28,1995,4,4,353,3.9,0,0,0,0,0,0,0,0,0.2,0.2,0.3,0.5,7,33,13,0.00,0.00,0.00,0.00,0.00,0.05,0.06,0.12,0.05,0.12
182,Rasmus Højlund,FW,Denmark,20,2003,4,4,286,3.2,0,0,0,0,0,0,0,0,0.7,0.7,0.1,0.8,6,3,28,0.00,0.00,0.00,0.00,0.00,0.21,0.04,0.25,0.21,0.25
183,Ivan Ilić,MF,Serbia,22,2001,3,2,201,2.2,0,1,1,0,0,0,0,0,0.0,0.0,0.3,0.4,3,13,6,0.00,0.45,0.45,0.00,0.45,0.02,0.15,0.17,0.02,0.17
184,Josip Iličić,"FW,MF",Slovenia,36,1988,2,0,31,0.3,0,0,0,0,0,0,0,0,0.0,0.0,0.0,0.0,0,0,0,0.00,0.00,0.00,0.00,0.00,0.25,0.00,0.25,0.25,0.25
185,Gonçalo Inácio,DF,Portugal,22,2001,2,1,118,1.3,0,0,0,0,0,0,0,0,0.1,0.1,0.0,0.1,9,25,2,0.00,0.00,0.00,0.00,0.00,0.07,0.00,0.07,0.07,0.07
186,Luka Ivanušec,MF,Croatia,25,1998,1,0,21,0.2,0,0,0,0,0,0,1,0,0.0,0.0,0.0,0.0,0,0,0,0.00,0.00,0.00,0.00,0.00,0.00,0.00,0.00,0.00,0.00
187,Erik Janža,DF,Slovenia,30,1993,3,3,269,3.0,1,0,1,1,0,0,2,0,0.0,0.0,0.6,0.6,3,11,5,0.33,0.00,0.33,0.33,0.33,0.01,0.19,0.21,0.01,0.21
188,Jorginho,MF,Italy,32,1991,3,3,215,2.4,0,0,0,0,0,0,0,0,0.0,0.0,0.0,0.0,1,18,4,0.00,0.00,0.00,0.00,0.00,0.00,0.01,0.01,0.00,0.01
189,Joselu,FW,Spain,33,1990,2,1,90,1.0,0,0,0,0,0,0,0,0,0.2,0.2,0.0,0.2,1,0,1,0.00,0.00,0.00,0.00,0.00,0.24,0.00,0.24,0.24,0.24
190,Diogo Jota,"FW,MF",Portugal,27,1996,3,0,100,1.1,0,0,0,0,0,0,0,0,0.7,0.7,0.3,1.0,6,2,13,0.00,0.00,0.00,0.00,0.00,0.86,0.40,1.26,0.86,1.26
191,Luka Jović,"MF,FW",Serbia,26,1997,3,0,102,1.1,1,0,1,1,0,0,1,0,0.2,0.2,0.0,0.2,1,1,3,0.88,0.00,0.88,0.88,0.88,0.17,0.04,0.20,0.17,0.20
192,Josip Juranović,DF,Croatia,28,1995,2,1,91,1.0,0,0,0,0,0,0,0,0,0.0,0.0,0.2,0.2,1,3,10,0.00,0.00,0.00,0.00,0.00,0.00,0.15,0.15,0.00,0.15
193,David Jurásek,DF,Czechia,23,2000,2,2,160,1.8,0,0,0,0,0,0,1,0,0.3,0.3,0.4,0.6,0,2,16,0.00,0.00,0.00,0.00,0.00,0.15,0.21,0.36,0.15,0.36
194,Matěj Jurásek,"DF,MF",Czechia,20,2003,2,0,46,0.5,0,0,0,0,0,0,0,0,0.1,0.1,0.0,0.1,6,2,13,0.00,0.00,0.00,0.00,0.00,0.17,0.08,0.25,0.17,0.25
195,Ferdi Kadioglu,"DF,MF",Türkiye,24,1999,5,5,450,5.0,0,0,0,0,0,0,0,0,0.1,0.1,0.9,0.9,22,24,21,0.00,0.00,0.00,0.00,0.00,0.01,0.17,0.19,0.01,0.19
196,İrfan Kahveci,FW,Türkiye,28,1995,1,0,8,0.1,0,0,0,0,0,0,0,0,0.0,0.0,0.0,0.0,0,0,0,0.00,0.00,0.00,0.00,0.00,0.00,0.00,0.00,0.00,0.00
197,Otar Kakabadze,"DF,MF",Georgia,28,1995,4,4,360,4.0,0,0,0,0,0,0,0,0,0.0,0.0,0.6,0.6,3,12,9,0.00,0.00,0.00,0.00,0.00,0.00,0.15,0.16,0.00,0.16
198,Harry Kane,FW,England,30,1993,7,7,601,6.7,3,0,3,2,1,1,2,0,2.8,2.1,0.3,2.3,3,18,18,0.45,0.00,0.45,0.30,0.30,0.42,0.04,0.46,0.31,0.35
199,N'Golo Kanté,MF,France,32,1991,6,6,511,5.7,0,0,0,0,0,0,0,0,0.1,0.1,1.4,1.5,16,44,19,0.00,0.00,0.00,0.00,0.00,0.03,0.26,0.29,0.03,0.29
200,Žan Karničnik,DF,Slovenia,29,1994,4,4,390,4.3,1,0,1,1,0,0,1,0,0.5,0.5,0.0,0.5,8,7,10,0.23,0.00,0.23,0.23,0.23,0.13,0.00,0.13,0.13,0.13
201,Guram Kashia,DF,Georgia,36,1987,4,4,360,4.0,0,0,0,0,0,0,1,0,0.0,0.0,0.0,0.0,0,2,0,0.00,0.00,0.00,0.00,0.00,0.00,0.00,0.00,0.00,0.00
202,Milos Kerkez,DF,Hungary,20,2003,3,3,237,2.6,0,0,0,0,0,0,0,0,0.0,0.0,0.1,0.1,9,5,9,0.00,0.00,0.00,0.00,0.00,0.00,0.02,0.02,0.00,0.02
203,Semih Kılıçsoy,FW,Türkiye,18,2005,1,0,2,0.0,0,0,0,0,0,0,0,0,0.2,0.2,0.0,0.2,0,0,1,0.00,0.00,0.00,0.00,0.00,9.23,0.00,9.23,9.23,9.23
204,Joshua Kimmich,DF,Germany,28,1995,5,5,480,5.3,0,2,2,0,0,0,0,0,0.4,0.4,1.4,1.8,14,39,52,0.00,0.37,0.37,0.00,0.37,0.08,0.27,0.35,0.08,0.35
205,Otar Kiteishvili,MF,Georgia,27,1996,2,2,130,1.4,0,0,0,0,0,0,0,0,0.0,0.0,0.0,0.0,1,2,0,0.00,0.00,0.00,0.00,0.00,0.00,0.03,0.03,0.00,0.03
206,Jakub Kiwior,DF,Poland,23,2000,3,3,270,3.0,0,0,0,0,0,0,0,0,0.1,0.1,0.2,0.4,2,4,5,0.00,0.00,0.00,0.00,0.00,0.05,0.07,0.12,0.05,0.12
207,László Kleinheisler,MF,Hungary,29,1994,2,0,51,0.6,0,0,0,0,0,0,1,0,0.0,0.0,0.0,0.0,0,2,1,0.00,0.00,0.00,0.00,0.00,0.00,0.00,0.00,0.00,0.00
208,Giorgi Kochorashvili,MF,Georgia,24,1999,4,4,360,4.0,0,1,1,0,0,0,1,0,0.3,0.3,0.4,0.7,4,18,4,0.00,0.25,0.25,0.00,0.25,0.08,0.09,0.17,0.08,0.17
209,Orkun Kökçü,MF,Türkiye,23,2000,4,3,221,2.5,0,2,2,0,0,0,2,0,1.0,1.0,1.1,2.1,7,11,10,0.00,0.81,0.81,0.00,0.81,0.40,0.47,0.87,0.40,0.87
210,Randal Kolo Muani,FW,France,25,1998,5,2,201,2.2,1,0,1,1,0,0,0,0,0.8,0.8,0.0,0.8,4,2,13,0.45,0.00,0.45,0.45,0.45,0.34,0.01,0.35,0.34,0.35
211,Yukhym Konoplia,DF,Ukraine,24,1999,1,1,71,0.8,0,0,0,0,0,0,1,0,0.0,0.0,0.0,0.0,3,3,10,0.00,0.00,0.00,0.00,0.00,0.00,0.00,0.00,0.00,0.00
212,Ezri Konsa,DF,England,26,1997,3,1,93,1.0,0,0,0,0,0,0,0,0,0.0,0.0,0.0,0.0,0,2,0,0.00,0.00,0.00,0.00,0.00,0.00,0.00,0.00,0.00,0.00
213,Filip Kostić,DF,Serbia,31,1992,1,1,42,0.5,0,0,0,0,0,0,0,0,0.0,0.0,0.0,0.0,0,0,3,0.00,0.00,0.00,0.00,0.00,0.00,0.00,0.00,0.00,0.00
214,Jules Koundé,DF,France,25,1998,6,6,570,6.3,0,0,0,0,0,0,0,0,0.2,0.2,0.9,1.0,14,36,41,0.00,0.00,0.00,0.00,0.00,0.03,0.15,0.17,0.03,0.17
215,Mateo Kovačić,MF,Croatia,29,1994,3,3,223,2.5,0,0,0,0,0,0,0,0,0.5,0.5,0.1,0.6,12,11,4,0.00,0.00,0.00,0.00,0.00,0.21,0.06,0.26,0.21,0.26
216,Matej Kovar,GK,Czechia,23,2000,1,0,36,0.4,0,0,0,0,0,0,0,0,0.0,0.0,0.0,0.0,0,0,0,0.00,0.00,0.00,0.00,0.00,0.00,0.00,0.00,0.00,0.00
217,Andrej Kramarić,FW,Croatia,32,1991,3,3,243,2.7,1,0,1,1,0,0,0,0,0.7,0.7,0.2,0.9,5,7,32,0.37,0.00,0.37,0.37,0.37,0.28,0.07,0.35,0.28,0.35
218,Ladislav Krejčí,DF,Czechia,24,1999,3,3,270,3.0,0,0,0,0,0,0,1,0,0.3,0.3,0.0,0.4,6,19,0,0.00,0.00,0.00,0.00,0.00,0.11,0.01,0.13,0.11,0.13
219,Toni Kroos,MF,Germany,34,1990,5,5,469,5.2,0,0,0,0,0,0,1,0,0.2,0.2,0.8,1.0,2,67,7,0.00,0.00,0.00,0.00,0.00,0.03,0.16,0.20,0.03,0.20
220,Jan Kuchta,FW,Czechia,27,1997,2,1,95,1.1,0,0,0,0,0,0,0,0,0.0,0.0,0.0,0.0,0,3,2,0.00,0.00,0.00,0.00,0.00,0.00,0.00,0.00,0.00,0.00
221,Juraj Kucka,MF,Slovakia,36,1987,4,4,350,3.9,0,1,1,0,0,0,1,0,0.4,0.4,0.5,0.9,3,6,10,0.00,0.26,0.26,0.00,0.26,0.11,0.12,0.23,0.11,0.23
222,Jasmin Kurtić,FW,Slovenia,35,1989,1,0,1,0.0,0,0,0,0,0,0,0,0,0.0,0.0,0.0,0.0,0,0,0,0.00,0.00,0.00,0.00,0.00,0.00,0.00,0.00,0.00,0.00
223,Khvicha Kvaratskhelia,FW,Georgia,22,2001,4,4,342,3.8,1,0,1,1,0,0,0,0,1.0,1.0,0.6,1.6,16,10,19,0.26,0.00,0.26,0.26,0.26,0.26,0.16,0.42,0.26,0.42
224,Nika Kvekveskiri,MF,Georgia,31,1992,1,0,12,0.1,0,0,0,0,0,0,0,0,0.0,0.0,0.0,0.0,0,0,1,0.00,0.00,0.00,0.00,0.00,0.00,0.00,0.00,0.00,0.00
225,Giorgi Kvilitaia,FW,Georgia,30,1993,1,0,3,0.0,0,0,0,0,0,0,0,0,0.0,0.0,0.0,0.0,0,0,0,0.00,0.00,0.00,0.00,0.00,0.00,0.00,0.00,0.00,0.00
226,Saba Kvirkvelia,DF,Georgia,31,1992,3,2,180,2.0,0,0,0,0,0,0,1,0,0.0,0.0,0.0,0.0,0,5,1,0.00,0.00,0.00,0.00,0.00,0.00,0.00,0.00,0.00,0.00
227,Qazim Laçi,"MF,FW",Albania,28,1996,3,2,163,1.8,1,0,1,1,0,0,0,0,0.3,0.3,0.1,0.4,2,4,9,0.55,0.00,0.55,0.55,0.55,0.18,0.04,0.22,0.18,0.22
228,Konrad Laimer,"MF,FW",Austria,26,1997,4,3,270,3.0,0,0,0,0,0,0,1,0,0.5,0.5,0.0,0.6,7,17,10,0.00,0.00,0.00,0.00,0.00,0.18,0.01,0.18,0.18,0.18
229,Ádám Lang,DF,Hungary,31,1993,1,1,45,0.5,0,0,0,0,0,0,0,0,0.0,0.0,0.0,0.0,0,2,0,0.00,0.00,0.00,0.00,0.00,0.00,0.00,0.00,0.00,0.00
230,Aymeric Laporte,DF,Spain,29,1994,6,6,525,5.8,0,0,0,0,0,0,0,0,0.2,0.2,0.1,0.3,13,46,1,0.00,0.00,0.00,0.00,0.00,0.04,0.02,0.06,0.04,0.06
231,Robin Le Normand,DF,Spain,27,1996,6,5,442,4.9,0,0,0,0,0,0,2,0,0.3,0.3,0.0,0.4,3,19,1,0.00,0.00,0.00,0.00,0.00,0.07,0.01,0.08,0.07,0.08
232,Rafael Leão,FW,Portugal,24,1999,4,4,287,3.2,0,0,0,0,0,0,2,0,0.2,0.2,0.5,0.7,28,13,32,0.00,0.00,0.00,0.00,0.00,0.06,0.15,0.21,0.06,0.21
233,Robert Lewandowski,FW,Poland,35,1988,2,1,121,1.3,1,0,1,0,1,1,1,0,1.0,0.2,0.1,0.2,0,2,5,0.74,0.00,0.74,0.00,0.00,0.71,0.05,0.76,0.12,0.17
234,Philipp Lienhart,DF,Austria,27,1996,3,3,214,2.4,0,0,0,0,0,0,1,0,0.3,0.3,0.0,0.3,2,8,0,0.00,0.00,0.00,0.00,0.00,0.11,0.00,0.11,0.11,0.11
235,Ondřej Lingr,"MF,FW",Czechia,25,1998,3,0,83,0.9,0,0,0,0,0,0,0,0,0.5,0.5,0.0,0.5,1,2,6,0.00,0.00,0.00,0.00,0.00,0.51,0.00,0.51,0.51,0.51
236,Dominik Livaković,GK,Croatia,29,1995,3,3,270,3.0,0,0,0,0,0,0,0,0,0.0,0.0,0.0,0.0,0,0,0,0.00,0.00,0.00,0.00,0.00,0.00,0.00,0.00,0.00,0.00
237,Stanislav Lobotka,MF,Slovakia,29,1994,4,4,390,4.3,0,0,0,0,0,0,0,0,0.0,0.0,0.1,0.1,8,17,1,0.00,0.00,0.00,0.00,0.00,0.01,0.03,0.03,0.01,0.03
238,Saba Lobzhanidze,FW,Georgia,29,1994,1,0,9,0.1,0,0,0,0,0,0,0,0,0.2,0.2,0.0,0.2,1,0,2,0.00,0.00,0.00,0.00,0.00,1.82,0.00,1.82,1.82,1.82
239,Luka Lochoshvili,"DF,MF",Georgia,25,1998,4,2,170,1.9,0,0,0,0,0,0,0,0,0.1,0.1,0.0,0.1,1,1,2,0.00,0.00,0.00,0.00,0.00,0.03,0.00,0.03,0.03,0.03
240,Fermin López,MF,Spain,20,2003,1,0,29,0.3,0,0,0,0,0,0,0,0,0.1,0.1,0.0,0.1,0,1,1,0.00,0.00,0.00,0.00,0.00,0.17,0.00,0.17,0.17,0.17
241,Romelu Lukaku,FW,Belgium,30,1993,4,4,359,4.0,0,1,1,0,0,0,0,0,1.7,1.7,0.2,1.9,6,3,19,0.00,0.25,0.25,0.00,0.25,0.42,0.06,0.48,0.42,0.48
242,Dodi Lukebakio,"FW,DF",Belgium,26,1997,3,1,65,0.7,0,0,0,0,0,0,2,0,0.2,0.2,0.1,0.4,3,1,13,0.00,0.00,0.00,0.00,0.00,0.33,0.19,0.52,0.33,0.52
243,Saša Lukić,MF,Serbia,27,1996,3,3,209,2.3,0,0,0,0,0,0,1,0,0.1,0.1,0.0,0.1,5,5,7,0.00,0.00,0.00,0.00,0.00,0.04,0.00,0.04,0.04,0.04
244,Andriy Lunin,GK,Ukraine,24,1999,1,1,90,1.0,0,0,0,0,0,0,0,0,0.0,0.0,0.0,0.0,0,0,0,0.00,0.00,0.00,0.00,0.00,0.00,0.00,0.00,0.00,0.00
245,Mike Maignan,GK,France,28,1995,6,6,570,6.3,0,0,0,0,0,0,0,0,0.0,0.0,0.0,0.0,0,0,0,0.00,0.00,0.00,0.00,0.00,0.00,0.00,0.00,0.00,0.00
246,Kobbie Mainoo,MF,England,18,2005,6,4,368,4.1,0,0,0,0,0,0,1,0,0.3,0.3,0.0,0.3,6,13,13,0.00,0.00,0.00,0.00,0.00,0.07,0.01,0.08,0.07,0.08
247,Lovro Majer,"FW,MF",Croatia,26,1998,3,2,146,1.6,0,0,0,0,0,0,0,0,0.2,0.2,0.3,0.5,4,11,10,0.00,0.00,0.00,0.00,0.00,0.11,0.20,0.31,0.11,0.31
248,Donyell Malen,FW,Netherlands,25,1999,4,2,190,2.1,2,0,2,2,0,0,1,0,1.9,1.9,0.2,2.1,12,7,24,0.95,0.00,0.95,0.95,0.95,0.89,0.11,1.00,0.89,1.00
249,Ruslan Malinovskyi,MF,Ukraine,30,1993,3,0,35,0.4,0,0,0,0,0,0,0,0,0.1,0.1,0.3,0.3,1,4,0,0.00,0.00,0.00,0.00,0.00,0.19,0.71,0.90,0.19,0.90
250,Giorgi Mamardashvili,GK,Georgia,23,2000,4,4,360,4.0,0,0,0,0,0,0,0,0,0.0,0.0,0.0,0.0,0,0,0,0.00,0.00,0.00,0.00,0.00,0.00,0.00,0.00,0.00,0.00
251,Dennis Man,MF,Romania,25,1998,4,3,266,3.0,0,2,2,0,0,0,0,0,0.3,0.3,1.0,1.3,5,5,19,0.00,0.68,0.68,0.00,0.68,0.11,0.32,0.43,0.11,0.43
252,Rey Manaj,FW,Albania,26,1997,3,2,156,1.7,0,0,0,0,0,0,0,0,0.4,0.4,0.0,0.4,0,0,4,0.00,0.00,0.00,0.00,0.00,0.21,0.00,0.21,0.21,0.21
253,Gianluca Mancini,DF,Italy,27,1996,1,1,90,1.0,0,0,0,0,0,0,1,0,0.0,0.0,0.0,0.0,2,0,0,0.00,0.00,0.00,0.00,0.00,0.00,0.00,0.00,0.00,0.00
254,Orel Mangala,MF,Belgium,25,1998,4,1,133,1.5,0,0,0,0,0,0,2,0,0.0,0.0,0.2,0.2,0,6,2,0.00,0.00,0.00,0.00,0.00,0.00,0.12,0.12,0.00,0.12
255,Marius Marin,MF,Romania,25,1998,4,4,302,3.4,0,0,0,0,0,0,2,0,0.0,0.0,0.2,0.2,0,6,2,0.00,0.00,0.00,0.00,0.00,0.00,0.06,0.06,0.00,0.06
256,Răzvan Marin,MF,Romania,27,1996,4,4,355,3.9,2,0,2,1,1,1,1,0,0.9,0.1,0.1,0.2,3,11,5,0.51,0.00,0.51,0.25,0.25,0.24,0.01,0.25,0.04,0.05
257,Ádám Martin,"FW,DF",Hungary,29,1994,3,0,45,0.5,0,0,0,0,0,0,0,0,0.0,0.0,0.1,0.1,0,0,2,0.00,0.00,0.00,0.00,0.00,0.00,0.18,0.18,0.00,0.18
258,Mykola Matviyenko,DF,Ukraine,27,1996,3,3,270,3.0,0,0,0,0,0,0,0,0,0.0,0.0,0.2,0.2,7,11,1,0.00,0.00,0.00,0.00,0.00,0.00,0.07,0.07,0.00,0.07
259,Kylian Mbappé,FW,France,25,1998,5,5,464,5.2,1,1,2,0,1,1,1,0,2.9,2.1,0.7,2.8,28,27,55,0.19,0.19,0.39,0.00,0.19,0.57,0.13,0.69,0.41,0.54
260,John McGinn,"MF,FW",Scotland,29,1994,3,3,230,2.6,0,0,0,0,0,0,1,0,0.0,0.0,0.0,0.0,2,4,9,0.00,0.00,0.00,0.00,0.00,0.00,0.00,0.00,0.00,0.00
261,Callum McGregor,MF,Scotland,30,1993,3,3,246,2.7,0,1,1,0,0,0,0,0,0.1,0.1,0.1,0.3,0,5,3,0.00,0.37,0.37,0.00,0.37,0.05,0.05,0.10,0.05,0.10
262,Scott McKenna,DF,Scotland,27,1996,3,1,134,1.5,0,0,0,0,0,0,1,0,0.0,0.0,0.0,0.0,0,1,3,0.00,0.00,0.00,0.00,0.00,0.02,0.00,0.02,0.02,0.02
263,Kenny McLean,MF,Scotland,32,1992,3,0,44,0.5,0,0,0,0,0,0,0,0,0.0,0.0,0.0,0.0,0,2,1,0.00,0.00,0.00,0.00,0.00,0.03,0.00,0.03,0.03,0.03
264,Scott McTominay,MF,Scotland,27,1996,3,3,270,3.0,1,0,1,1,0,0,2,0,0.3,0.3,0.1,0.4,2,4,4,0.33,0.00,0.33,0.33,0.33,0.10,0.04,0.14,0.10,0.14
265,Anzor Mekvabishvili,MF,Georgia,22,2001,3,2,188,2.1,0,0,0,0,0,0,2,0,0.1,0.1,0.0,0.1,2,8,4,0.00,0.00,0.00,0.00,0.00,0.06,0.00,0.06,0.06,0.06
266,Memphis,"FW,MF",Netherlands,29,1994,6,6,457,5.1,1,1,2,1,0,0,0,0,2.0,2.0,1.2,3.1,6,13,30,0.20,0.20,0.39,0.20,0.39,0.39,0.23,0.62,0.39,0.62
267,Nuno Mendes,DF,Portugal,21,2002,4,4,419,4.7,0,0,0,0,0,0,0,0,0.2,0.2,0.0,0.2,11,31,25,0.00,0.00,0.00,0.00,0.00,0.05,0.01,0.06,0.05,0.06
268,Mikel Merino,"MF,FW",Spain,27,1996,7,1,182,2.0,1,0,1,1,0,0,0,0,0.6,0.6,0.4,1.0,2,17,13,0.49,0.00,0.49,0.49,0.49,0.35,0.26,0.61,0.35,0.61
269,Valentin Mihaila,MF,Romania,23,2000,3,1,115,1.3,0,0,0,0,0,0,0,0,0.1,0.1,0.0,0.1,0,2,5,0.00,0.00,0.00,0.00,0.00,0.09,0.00,0.09,0.09,0.09
270,Srđan Mijailović,DF,Serbia,30,1993,1,1,72,0.8,0,0,0,0,0,0,0,0,0.0,0.0,0.0,0.0,1,0,2,0.00,0.00,0.00,0.00,0.00,0.00,0.00,0.00,0.00,0.00
271,Georges Mikautadze,FW,Georgia,23,2000,4,4,345,3.8,3,1,4,1,2,2,0,0,2.3,0.7,0.5,1.2,4,7,16,0.78,0.26,1.04,0.26,0.52,0.59,0.13,0.71,0.18,0.30
272,Nikola Milenković,DF,Serbia,26,1997,3,3,270,3.0,0,0,0,0,0,0,1,0,0.0,0.0,0.0,0.0,2,9,0,0.00,0.00,0.00,0.00,0.00,0.00,0.01,0.01,0.00,0.01
273,Sergej Milinković-Savić,MF,Serbia,28,1995,3,1,121,1.3,0,0,0,0,0,0,0,0,0.2,0.2,0.1,0.3,3,7,7,0.00,0.00,0.00,0.00,0.00,0.18,0.05,0.23,0.18,0.23
274,Mario Mitaj,DF,Albania,20,2003,3,3,270,3.0,0,0,0,0,0,0,0,0,0.0,0.0,0.0,0.0,0,6,4,0.00,0.00,0.00,0.00,0.00,0.01,0.00,0.01,0.01,0.01
275,Aleksandar Mitrović,FW,Serbia,29,1994,3,3,240,2.7,0,0,0,0,0,0,1,0,1.2,1.2,0.0,1.2,0,2,10,0.00,0.00,0.00,0.00,0.00,0.44,0.00,0.44,0.44,0.44
276,Maximilian Mittelstädt,DF,Germany,26,1997,4,3,304,3.4,0,1,1,0,0,0,2,0,0.1,0.1,0.4,0.6,8,10,39,0.00,0.30,0.30,0.00,0.30,0.04,0.14,0.18,0.04,0.18
277,Filip Mladenović,DF,Serbia,32,1991,3,1,111,1.2,0,0,0,0,0,0,1,0,0.0,0.0,0.0,0.0,2,2,9,0.00,0.00,0.00,0.00,0.00,0.00,0.01,0.01,0.00,0.01
278,Jan Mlakar,MF,Slovenia,25,1998,4,4,295,3.3,0,0,0,0,0,0,0,0,0.1,0.1,0.0,0.1,4,6,5,0.00,0.00,0.00,0.00,0.00,0.04,0.01,0.04,0.04,0.04
279,Jakub Moder,MF,Poland,24,1999,3,1,180,2.0,0,0,0,0,0,0,1,0,0.6,0.6,0.0,0.6,2,8,4,0.00,0.00,0.00,0.00,0.00,0.32,0.00,0.32,0.32,0.32
280,Luka Modrić,MF,Croatia,38,1985,3,3,233,2.6,1,0,1,1,0,1,1,0,1.0,0.1,0.6,0.7,11,21,8,0.39,0.00,0.39,0.39,0.39,0.37,0.25,0.62,0.03,0.28
281,Vasile Mogos,DF,Romania,31,1992,1,1,37,0.4,0,0,0,0,0,0,0,0,0.0,0.0,0.0,0.0,0,1,1,0.00,0.00,0.00,0.00,0.00,0.00,0.00,0.00,0.00,0.00
282,Álvaro Morata,FW,Spain,31,1992,7,6,449,5.0,1,1,2,1,0,0,2,0,1.5,1.5,0.5,2.0,4,6,27,0.20,0.20,0.40,0.20,0.40,0.30,0.10,0.39,0.30,0.39
283,Lewis Morgan,DF,Scotland,27,1996,1,0,2,0.0,0,0,0,0,0,0,0,0,0.0,0.0,0.0,0.0,1,0,1,0.00,0.00,0.00,0.00,0.00,1.79,0.00,1.79,1.79,1.79
284,Ernest Muçi,FW,Albania,22,2001,2,0,14,0.2,0,0,0,0,0,0,0,0,0.0,0.0,0.0,0.0,0,0,1,0.00,0.00,0.00,0.00,0.00,0.00,0.00,0.00,0.00,0.00
285,Mykhailo Mudryk,"FW,MF",Ukraine,23,2001,2,2,174,1.9,0,0,0,0,0,0,0,0,0.4,0.4,0.4,0.9,11,7,16,0.00,0.00,0.00,0.00,0.00,0.23,0.22,0.44,0.23,0.44
286,Mert Müldür,"DF,MF",Türkiye,24,1999,4,4,345,3.8,1,0,1,1,0,0,1,0,0.6,0.6,0.0,0.6,11,12,13,0.26,0.00,0.26,0.26,0.26,0.14,0.01,0.15,0.14,0.15
287,Thomas Müller,"MF,FW",Germany,34,1989,2,0,58,0.6,0,1,1,0,0,0,0,0,0.4,0.4,0.3,0.7,2,3,8,0.00,1.55,1.55,0.00,1.55,1.19,0.99,2.17,1.19,2.17
288,Jamal Musiala,FW,Germany,20,2003,5,5,419,4.7,3,0,3,3,0,0,0,0,1.0,1.0,0.2,1.3,28,22,34,0.64,0.00,0.64,0.64,0.64,0.24,0.05,0.29,0.24,0.29
289,Phillipp Mwene,DF,Austria,30,1994,3,3,194,2.2,0,1,1,0,0,0,1,0,0.0,0.0,0.1,0.1,6,7,18,0.00,0.46,0.46,0.00,0.46,0.00,0.05,0.05,0.00,0.05
290,Vitaliy Mykolenko,DF,Ukraine,24,1999,1,1,57,0.6,0,0,0,0,0,0,0,0,0.0,0.0,0.1,0.1,1,1,6,0.00,0.00,0.00,0.00,0.00,0.00,0.18,0.18,0.00,0.18
291,Joakim Mæhle,"DF,MF",Denmark,26,1997,4,3,283,3.1,0,0,0,0,0,0,2,0,0.1,0.1,0.4,0.5,12,10,21,0.00,0.00,0.00,0.00,0.00,0.04,0.12,0.16,0.04,0.16
292,Nacho,DF,Spain,34,1990,4,2,263,2.9,0,0,0,0,0,0,0,0,0.0,0.0,0.0,0.0,1,6,1,0.00,0.00,0.00,0.00,0.00,0.00,0.01,0.01,0.00,0.01
293,Ádám Nagy,MF,Hungary,28,1995,3,2,159,1.8,0,0,0,0,0,0,0,0,0.0,0.0,0.0,0.0,0,8,0,0.00,0.00,0.00,0.00,0.00,0.01,0.00,0.01,0.01,0.01
294,Zsolt Nagy,DF,Hungary,30,1993,2,0,21,0.2,0,0,0,0,0,0,0,0,0.0,0.0,0.0,0.0,0,1,2,0.00,0.00,0.00,0.00,0.00,0.00,0.00,0.00,0.00,0.00
295,Jesús Navas,DF,Spain,38,1985,3,2,157,1.7,0,0,0,0,0,0,1,0,0.0,0.0,0.2,0.2,6,0,11,0.00,0.00,0.00,0.00,0.00,0.00,0.12,0.12,0.00,0.12
296,Dan Ndoye,"MF,DF",Switzerland,23,2000,5,5,407,4.5,1,0,1,1,0,0,1,0,1.6,1.6,0.1,1.7,20,9,31,0.22,0.00,0.22,0.22,0.22,0.34,0.03,0.37,0.34,0.37
297,Pedro Neto,"DF,FW",Portugal,23,2000,3,1,120,1.3,0,0,0,0,0,0,1,0,0.0,0.0,0.0,0.0,16,5,19,0.00,0.00,0.00,0.00,0.00,0.00,0.01,0.01,0.00,0.01
298,Manuel Neuer,GK,Germany,37,1986,5,5,480,5.3,0,0,0,0,0,0,0,0,0.0,0.0,0.0,0.0,0,0,0,0.00,0.00,0.00,0.00,0.00,0.00,0.00,0.00,0.00,0.00
299,João Neves,MF,Portugal,19,2004,2,1,77,0.9,0,0,0,0,0,0,0,0,0.1,0.1,0.0,0.1,1,8,3,0.00,0.00,0.00,0.00,0.00,0.06,0.00,0.06,0.06,0.06
300,Rúben Neves,MF,Portugal,26,1997,4,0,125,1.4,0,0,0,0,0,0,1,0,0.1,0.1,0.1,0.1,3,12,6,0.00,0.00,0.00,0.00,0.00,0.05,0.07,0.12,0.05,0.12
301,Florin Niță,GK,Romania,36,1987,4,4,360,4.0,0,0,0,0,0,0,0,0,0.0,0.0,0.0,0.0,0,0,0,0.00,0.00,0.00,0.00,0.00,0.00,0.00,0.00,0.00,0.00
302,Matheus Nunes,MF,Portugal,25,1998,2,0,18,0.2,0,0,0,0,0,0,0,0,0.3,0.3,0.0,0.3,2,1,1,0.00,0.00,0.00,0.00,0.00,1.41,0.12,1.54,1.41,1.54
303,Christian Nørgaard,MF,Denmark,29,1994,3,0,38,0.4,0,0,0,0,0,0,1,0,0.0,0.0,0.0,0.0,0,3,0,0.00,0.00,0.00,0.00,0.00,0.00,0.05,0.05,0.00,0.05
304,Adam Obert,DF,Slovakia,21,2002,2,0,25,0.3,0,0,0,0,0,0,0,0,0.0,0.0,0.0,0.0,1,5,3,0.00,0.00,0.00,0.00,0.00,0.00,0.00,0.00,0.00,0.00
305,Jan Oblak,GK,Slovenia,31,1993,4,4,390,4.3,0,0,0,0,0,0,0,0,0.0,0.0,0.0,0.0,0,0,0,0.00,0.00,0.00,0.00,0.00,0.00,0.00,0.00,0.00,0.00
306,Darius Olaru,MF,Romania,25,1998,2,0,26,0.3,0,0,0,0,0,0,0,0,0.0,0.0,0.0,0.0,0,3,1,0.00,0.00,0.00,0.00,0.00,0.00,0.00,0.00,0.00,0.00
307,Dani Olmo,"MF,FW",Spain,25,1998,6,3,432,4.8,3,2,5,3,0,0,1,0,1.7,1.7,1.3,3.0,21,21,32,0.62,0.42,1.04,0.62,1.04,0.38,0.30,0.68,0.38,0.68
308,Amadou Onana,MF,Belgium,22,2001,4,4,360,4.0,0,0,0,0,0,0,0,0,0.1,0.1,0.0,0.1,4,17,1,0.00,0.00,0.00,0.00,0.00,0.03,0.00,0.03,0.03,0.03
309,Loïs Openda,FW,Belgium,23,2000,3,1,70,0.8,0,0,0,0,0,0,0,0,0.0,0.0,0.0,0.0,0,1,1,0.00,0.00,0.00,0.00,0.00,0.00,0.06,0.06,0.00,0.06
310,Willi Orban,DF,Hungary,31,1992,3,3,270,3.0,0,0,0,0,0,0,1,0,0.6,0.6,0.1,0.7,0,7,2,0.00,0.00,0.00,0.00,0.00,0.20,0.05,0.24,0.20,0.24
311,Mikel Oyarzabal,FW,Spain,26,1997,7,1,201,2.2,1,1,2,1,0,0,0,0,1.0,1.0,0.6,1.6,4,9,22,0.45,0.45,0.90,0.45,0.90,0.52,0.33,0.85,0.52,0.85
312,Salih Özcan,MF,Türkiye,26,1998,4,2,155,1.7,0,0,0,0,0,0,1,0,0.0,0.0,0.0,0.0,1,3,2,0.00,0.00,0.00,0.00,0.00,0.02,0.00,0.02,0.02,0.02
313,João Palhinha,MF,Portugal,28,1995,4,4,299,3.3,0,0,0,0,0,0,2,0,0.2,0.2,0.1,0.2,0,23,2,0.00,0.00,0.00,0.00,0.00,0.05,0.02,0.07,0.05,0.07
314,Cole Palmer,"MF,FW",England,21,2002,5,0,149,1.7,1,1,2,1,0,0,0,0,0.2,0.2,0.1,0.3,6,16,17,0.60,0.60,1.21,0.60,1.21,0.17,0.14,0.31,0.17,0.31
315,Mario Pašalić,"FW,MF",Croatia,28,1995,3,1,116,1.3,0,0,0,0,0,0,0,0,0.4,0.4,0.0,0.4,2,5,7,0.00,0.00,0.00,0.00,0.00,0.29,0.00,0.29,0.29,0.29
316,Strahinja Pavlović,DF,Serbia,22,2001,3,3,270,3.0,0,0,0,0,0,0,0,0,0.0,0.0,0.1,0.1,8,13,4,0.00,0.00,0.00,0.00,0.00,0.00,0.02,0.02,0.00,0.02
317,Pedri,MF,Spain,21,2002,4,4,186,2.1,0,1,1,0,0,0,0,0,1.1,1.1,0.8,1.9,6,10,16,0.00,0.48,0.48,0.00,0.48,0.53,0.38,0.92,0.53,0.92
318,Peter Pekarík,DF,Slovakia,37,1986,4,4,377,4.2,0,0,0,0,0,0,1,0,0.7,0.7,0.2,0.9,7,10,9,0.00,0.00,0.00,0.00,0.00,0.16,0.06,0.22,0.16,0.22
319,Lorenzo Pellegrini,"FW,MF",Italy,27,1996,4,3,218,2.4,0,1,1,0,0,0,1,0,0.5,0.5,0.5,1.0,10,8,14,0.00,0.41,0.41,0.00,0.41,0.22,0.19,0.41,0.22,0.41
320,Patrick Pentz,GK,Austria,27,1997,4,4,360,4.0,0,0,0,0,0,0,0,0,0.0,0.0,0.0,0.0,0,1,0,0.00,0.00,0.00,0.00,0.00,0.00,0.00,0.00,0.00,0.00
321,Pepe,DF,Portugal,40,1983,4,4,408,4.5,0,0,0,0,0,0,0,0,0.0,0.0,0.0,0.1,2,17,0,0.00,0.00,0.00,0.00,0.00,0.01,0.01,0.01,0.01,0.01
322,Danilo Pereira,DF,Portugal,32,1991,1,1,90,1.0,0,0,0,0,0,0,0,0,0.1,0.1,0.0,0.1,1,5,0,0.00,0.00,0.00,0.00,0.00,0.12,0.00,0.12,0.12,0.12
323,Ayoze Pérez,FW,Spain,30,1993,1,0,13,0.1,0,0,0,0,0,0,0,0,0.3,0.3,0.0,0.3,2,1,3,0.00,0.00,0.00,0.00,0.00,2.01,0.00,2.01,2.01,2.01
324,Ivan Perišić,"DF,FW",Croatia,34,1989,3,1,139,1.5,0,0,0,0,0,0,0,0,0.1,0.1,0.4,0.5,8,4,17,0.00,0.00,0.00,0.00,0.00,0.07,0.24,0.31,0.07,0.31
325,Bruno Petković,FW,Croatia,29,1994,2,1,87,1.0,0,0,0,0,0,1,0,0,1.1,0.3,0.1,0.4,2,4,2,0.00,0.00,0.00,0.00,0.00,1.11,0.08,1.20,0.30,0.38
326,Krzysztof Piątek,FW,Poland,28,1995,1,1,59,0.7,1,0,1,1,0,0,0,0,0.5,0.5,0.0,0.5,0,0,2,1.53,0.00,1.53,1.53,1.53,0.82,0.00,0.82,0.82,0.82
327,Jordan Pickford,GK,England,29,1994,7,7,690,7.7,0,0,0,0,0,0,0,0,0.0,0.0,0.0,0.0,0,1,0,0.00,0.00,0.00,0.00,0.00,0.00,0.00,0.00,0.00,0.00
328,Jakub Piotrowski,MF,Poland,26,1997,2,1,58,0.6,0,0,0,0,0,0,0,0,0.2,0.2,0.2,0.4,2,1,2,0.00,0.00,0.00,0.00,0.00,0.25,0.35,0.60,0.25,0.60
329,Marin Pongračić,DF,Croatia,26,1997,2,2,180,2.0,0,0,0,0,0,0,1,0,0.0,0.0,0.0,0.0,0,3,0,0.00,0.00,0.00,0.00,0.00,0.00,0.00,0.00,0.00,0.00
330,Ryan Porteous,DF,Scotland,24,1999,1,1,43,0.5,0,0,0,0,0,0,0,1,0.0,0.0,0.0,0.0,0,0,0,0.00,0.00,0.00,0.00,0.00,0.00,0.00,0.00,0.00,0.00
331,Stefan Posch,DF,Austria,26,1997,4,4,360,4.0,0,1,1,0,0,0,1,0,0.3,0.3,1.8,2.1,6,18,28,0.00,0.25,0.25,0.00,0.25,0.07,0.45,0.53,0.07,0.53
332,Yussuf Poulsen,"FW,MF",Denmark,29,1994,4,0,57,0.6,0,0,0,0,0,0,0,0,0.0,0.0,0.0,0.0,1,1,5,0.00,0.00,0.00,0.00,0.00,0.00,0.07,0.07,0.00,0.07
333,Alexander Prass,DF,Austria,22,2001,4,1,166,1.8,0,1,1,0,0,0,0,0,0.0,0.0,0.4,0.4,6,7,6,0.00,0.54,0.54,0.00,0.54,0.00,0.20,0.20,0.00,0.20
334,Lukáš Provod,MF,Czechia,27,1996,3,3,232,2.6,1,0,1,1,0,0,1,0,0.1,0.1,0.3,0.4,5,3,4,0.39,0.00,0.39,0.39,0.39,0.04,0.12,0.17,0.04,0.17
335,George Pușcaș,FW,Romania,27,1996,2,0,40,0.4,0,0,0,0,0,0,1,0,0.0,0.0,0.0,0.0,0,0,1,0.00,0.00,0.00,0.00,0.00,0.00,0.00,0.00,0.00,0.00
336,Leopold Querfeld,DF,Austria,20,2003,1,0,27,0.3,0,0,0,0,0,0,1,0,0.0,0.0,0.0,0.0,0,0,0,0.00,0.00,0.00,0.00,0.00,0.00,0.00,0.00,0.00,0.00
337,Adrien Rabiot,MF,France,28,1995,5,5,371,4.1,0,0,0,0,0,0,2,0,0.3,0.3,0.4,0.7,10,28,19,0.00,0.00,0.00,0.00,0.00,0.07,0.10,0.17,0.07,0.17
338,Bogdan Racovitan,DF,Romania,23,2000,2,0,57,0.6,0,0,0,0,0,0,0,0,0.0,0.0,0.0,0.0,1,1,0,0.00,0.00,0.00,0.00,0.00,0.00,0.00,0.00,0.00,0.00
339,Predrag Rajković,GK,Serbia,28,1995,3,3,270,3.0,0,0,0,0,0,0,0,0,0.0,0.0,0.0,0.0,0,0,0,0.00,0.00,0.00,0.00,0.00,0.00,0.00,0.00,0.00,0.00
340,Anthony Ralston,DF,Scotland,25,1998,3,3,262,2.9,0,0,0,0,0,0,1,0,0.0,0.0,0.1,0.1,2,4,4,0.00,0.00,0.00,0.00,0.00,0.00,0.03,0.03,0.00,0.03
341,Ylber Ramadani,MF,Albania,27,1996,3,3,264,2.9,0,0,0,0,0,0,0,0,0.0,0.0,0.0,0.0,2,4,0,0.00,0.00,0.00,0.00,0.00,0.00,0.02,0.02,0.00,0.02
342,Gonçalo Ramos,FW,Portugal,22,2001,1,0,25,0.3,0,0,0,0,0,0,0,0,0.1,0.1,0.0,0.1,0,0,0,0.00,0.00,0.00,0.00,0.00,0.25,0.00,0.25,0.25,0.25
343,Giacomo Raspadori,FW,Italy,23,2000,2,1,83,0.9,0,0,0,0,0,0,0,0,0.1,0.1,0.4,0.4,1,9,5,0.00,0.00,0.00,0.00,0.00,0.09,0.40,0.49,0.09,0.49
344,Andrei Ratiu,DF,Romania,25,1998,4,4,359,4.0,0,0,0,0,0,0,0,0,0.1,0.1,0.0,0.2,3,8,7,0.00,0.00,0.00,0.00,0.00,0.03,0.01,0.04,0.03,0.04
345,David Raum,DF,Germany,25,1998,3,2,166,1.8,0,1,1,0,0,0,1,0,0.0,0.0,1.1,1.1,8,8,8,0.00,0.54,0.54,0.00,0.54,0.01,0.60,0.62,0.01,0.62
346,David Raya,GK,Spain,28,1995,1,1,90,1.0,0,0,0,0,0,0,0,0,0.0,0.0,0.0,0.0,0,0,0,0.00,0.00,0.00,0.00,0.00,0.00,0.00,0.00,0.00,0.00
347,Tijjani Reijnders,MF,Netherlands,25,1998,6,6,496,5.5,0,0,0,0,0,0,0,0,0.7,0.7,0.6,1.2,19,32,13,0.00,0.00,0.00,0.00,0.00,0.12,0.11,0.23,0.12,0.23
348,Mateo Retegui,FW,Italy,24,1999,4,1,152,1.7,0,0,0,0,0,0,0,0,0.2,0.2,0.0,0.2,0,1,6,0.00,0.00,0.00,0.00,0.00,0.15,0.00,0.15,0.15,0.15
349,Declan Rice,MF,England,25,1999,7,7,690,7.7,0,1,1,0,0,0,0,0,0.4,0.4,0.1,0.5,5,39,14,0.00,0.13,0.13,0.00,0.13,0.05,0.02,0.07,0.05,0.07
350,Fabian Rieder,MF,Switzerland,21,2002,5,3,218,2.4,0,0,0,0,0,0,0,0,0.0,0.0,0.3,0.3,7,10,22,0.00,0.00,0.00,0.00,0.00,0.01,0.12,0.14,0.01,0.14
351,Andrew Robertson,DF,Scotland,29,1994,3,3,268,3.0,0,0,0,0,0,0,0,0,0.0,0.0,0.3,0.3,5,8,7,0.00,0.00,0.00,0.00,0.00,0.00,0.11,0.11,0.00,0.11
352,Rodri,MF,Spain,27,1996,6,6,520,5.8,1,0,1,1,0,0,3,0,0.3,0.3,0.3,0.7,16,40,10,0.17,0.00,0.17,0.17,0.17,0.06,0.06,0.12,0.06,0.12
353,Ricardo Rodríguez,DF,Switzerland,31,1992,5,5,480,5.3,0,0,0,0,0,0,1,0,0.1,0.1,0.2,0.2,13,17,13,0.00,0.00,0.00,0.00,0.00,0.01,0.03,0.04,0.01,0.04
354,Taras Romanchuk,MF,Poland,32,1991,1,1,54,0.6,0,0,0,0,0,0,0,0,0.0,0.0,0.0,0.0,0,0,0,0.00,0.00,0.00,0.00,0.00,0.00,0.00,0.00,0.00,0.00
355,Cristiano Ronaldo,FW,Portugal,38,1985,5,5,485,5.4,0,1,1,0,0,1,1,0,3.6,2.8,1.2,4.1,3,5,33,0.00,0.19,0.19,0.00,0.19,0.76,0.26,1.03,0.60,0.86
356,Antonio Rüdiger,DF,Germany,30,1993,5,5,480,5.3,0,0,0,0,0,0,2,0,0.2,0.2,0.6,0.8,3,35,0,0.00,0.00,0.00,0.00,0.00,0.04,0.11,0.15,0.04,0.15
357,Fabián Ruiz Peña,MF,Spain,27,1996,6,6,540,6.0,2,2,4,2,0,0,1,0,1.7,1.7,1.0,2.6,18,47,16,0.33,0.33,0.67,0.33,0.67,0.28,0.16,0.44,0.28,0.44
358,Adrian Rus,MF,Romania,27,1996,2,0,21,0.2,0,0,0,0,0,0,0,0,0.0,0.0,0.0,0.0,0,1,0,0.00,0.00,0.00,0.00,0.00,0.00,0.00,0.00,0.00,0.00
359,Marcel Sabitzer,"FW,MF",Austria,29,1994,4,4,360,4.0,1,0,1,1,0,0,0,0,0.9,0.9,0.8,1.6,8,12,37,0.25,0.00,0.25,0.25,0.25,0.22,0.19,0.41,0.22,0.41
360,Bukayo Saka,"FW,DF",England,22,2001,7,7,632,7.0,1,0,1,1,0,0,1,0,0.4,0.4,0.4,0.7,31,25,85,0.14,0.00,0.14,0.14,0.14,0.06,0.06,0.12,0.06,0.12
361,Bartosz Salamon,DF,Poland,32,1991,1,1,85,0.9,0,0,0,0,0,0,0,0,0.0,0.0,0.0,0.0,0,0,1,0.00,0.00,0.00,0.00,0.00,0.01,0.00,0.01,0.01,0.01
362,William Saliba,DF,France,22,2001,6,6,570,6.3,0,0,0,0,0,0,1,0,0.1,0.1,0.0,0.1,4,15,0,0.00,0.00,0.00,0.00,0.00,0.02,0.00,0.02,0.02,0.02
363,Roland Sallai,MF,Hungary,26,1997,3,3,266,3.0,0,1,1,0,0,0,0,0,0.6,0.6,1.0,1.6,12,5,23,0.00,0.34,0.34,0.00,0.34,0.21,0.34,0.55,0.21,0.55
364,Lazar Samardzic,MF,Serbia,21,2002,2,1,54,0.6,0,0,0,0,0,0,0,0,0.1,0.1,0.0,0.1,0,1,2,0.00,0.00,0.00,0.00,0.00,0.13,0.00,0.13,0.13,0.13
365,Leroy Sané,FW,Germany,28,1996,5,2,208,2.3,0,0,0,0,0,0,0,0,0.4,0.4,0.1,0.5,5,7,23,0.00,0.00,0.00,0.00,0.00,0.18,0.04,0.23,0.18,0.23
366,Leo Sauer,FW,Slovakia,18,2005,1,0,5,0.1,0,0,0,0,0,0,0,0,0.0,0.0,0.0,0.0,0,0,3,0.00,0.00,0.00,0.00,0.00,0.00,0.00,0.00,0.00,0.00
367,Gianluca Scamacca,FW,Italy,25,1999,4,3,251,2.8,0,0,0,0,0,0,0,0,0.6,0.6,0.2,0.8,1,3,11,0.00,0.00,0.00,0.00,0.00,0.22,0.08,0.30,0.22,0.30
368,András Schäfer,MF,Hungary,24,1999,3,3,270,3.0,0,0,0,0,0,0,1,0,0.1,0.1,0.0,0.1,5,14,4,0.00,0.00,0.00,0.00,0.00,0.02,0.00,0.02,0.02,0.02
369,Fabian Schär,DF,Switzerland,32,1991,5,5,480,5.3,0,0,0,0,0,0,1,0,0.2,0.2,0.1,0.3,4,12,7,0.00,0.00,0.00,0.00,0.00,0.05,0.02,0.07,0.05,0.07
370,Patrik Schick,FW,Czechia,28,1996,2,2,127,1.4,1,0,1,1,0,0,2,0,1.5,1.5,0.1,1.6,2,1,6,0.71,0.00,0.71,0.71,0.71,1.03,0.08,1.11,1.03,1.11
371,Nico Schlotterbeck,DF,Germany,24,1999,2,1,120,1.3,0,1,1,0,0,0,1,0,0.1,0.1,0.4,0.4,1,1,1,0.00,0.75,0.75,0.00,0.75,0.05,0.28,0.33,0.05,0.33
372,Kasper Schmeichel,GK,Denmark,37,1986,4,4,360,4.0,0,0,0,0,0,0,0,0,0.0,0.0,0.0,0.0,0,0,0,0.00,0.00,0.00,0.00,0.00,0.00,0.00,0.00,0.00,0.00
373,Romano Schmid,"FW,MF",Austria,24,2000,4,2,145,1.6,1,0,1,1,0,0,1,0,0.1,0.1,0.7,0.8,3,5,11,0.62,0.00,0.62,0.62,0.62,0.08,0.42,0.50,0.08,0.50
374,Jerdy Schouten,MF,Netherlands,27,1997,6,6,500,5.6,0,0,0,0,0,0,1,0,0.1,0.1,0.1,0.2,7,39,11,0.00,0.00,0.00,0.00,0.00,0.01,0.03,0.04,0.01,0.04
375,Ivan Schranz,FW,Slovakia,30,1993,4,4,331,3.7,3,0,3,3,0,0,1,0,1.0,1.0,0.3,1.3,5,6,16,0.82,0.00,0.82,0.82,0.82,0.28,0.07,0.35,0.28,0.35
376,Taulant Seferi,FW,Albania,27,1996,2,1,94,1.0,0,0,0,0,0,0,0,0,0.0,0.0,0.1,0.1,2,3,3,0.00,0.00,0.00,0.00,0.00,0.02,0.11,0.12,0.02,0.12
377,Nicolas Seiwald,MF,Austria,22,2001,4,4,360,4.0,0,0,0,0,0,0,0,0,0.0,0.0,0.6,0.7,3,23,5,0.00,0.00,0.00,0.00,0.00,0.01,0.16,0.17,0.01,0.17
378,Nélson Semedo,DF,Portugal,30,1993,5,0,100,1.1,0,0,0,0,0,0,0,0,0.2,0.2,0.0,0.2,6,4,17,0.00,0.00,0.00,0.00,0.00,0.27,0.00,0.27,0.27,0.27
379,Benjamin Šeško,FW,Slovenia,20,2003,4,4,358,4.0,0,0,0,0,0,0,0,0,0.9,0.9,0.1,1.0,3,7,21,0.00,0.00,0.00,0.00,0.00,0.25,0.03,0.28,0.25,0.28
380,Petr Ševčík,MF,Czechia,29,1994,2,0,22,0.2,0,0,0,0,0,0,0,0,0.1,0.1,0.0,0.1,3,3,1,0.00,0.00,0.00,0.00,0.00,0.50,0.00,0.50,0.50,0.50
381,Stephan El Shaarawy,FW,Italy,31,1992,1,1,45,0.5,0,0,0,0,0,0,1,0,0.0,0.0,0.0,0.0,1,0,0,0.00,0.00,0.00,0.00,0.00,0.00,0.00,0.00,0.00,0.00
382,Lawrence Shankland,FW,Scotland,28,1995,3,0,25,0.3,0,0,0,0,0,0,0,0,0.0,0.0,0.0,0.0,1,2,1,0.00,0.00,0.00,0.00,0.00,0.00,0.14,0.14,0.00,0.14
383,Mykola Shaparenko,MF,Ukraine,25,1998,3,3,220,2.4,1,1,2,1,0,0,0,0,0.2,0.2,0.2,0.5,8,18,5,0.41,0.41,0.82,0.41,0.82,0.09,0.10,0.19,0.09,0.19
384,Xherdan Shaqiri,"MF,FW",Switzerland,32,1991,2,1,71,0.8,1,0,1,1,0,0,0,0,0.1,0.1,0.0,0.1,1,3,4,1.27,0.00,1.27,1.27,1.27,0.11,0.05,0.16,0.11,0.16
385,Luke Shaw,DF,England,28,1995,3,1,178,2.0,0,0,0,0,0,0,0,0,0.0,0.0,0.1,0.1,2,7,10,0.00,0.00,0.00,0.00,0.00,0.00,0.05,0.05,0.00,0.05
386,Vincent Sierro,MF,Switzerland,28,1995,4,0,38,0.4,0,0,0,0,0,0,1,0,0.0,0.0,0.0,0.0,0,2,0,0.00,0.00,0.00,0.00,0.00,0.03,0.00,0.03,0.03,0.03
387,António Silva,DF,Portugal,20,2003,2,1,73,0.8,0,0,0,0,0,0,0,0,0.1,0.1,0.1,0.2,1,10,1,0.00,0.00,0.00,0.00,0.00,0.14,0.11,0.25,0.14,0.25
388,Bernardo Silva,"FW,MF",Portugal,29,1994,4,4,420,4.7,1,0,1,1,0,0,0,0,0.7,0.7,0.6,1.3,15,28,47,0.21,0.00,0.21,0.21,0.21,0.18,0.16,0.33,0.18,0.33
389,Unai Simón,GK,Spain,26,1997,6,6,570,6.3,0,0,0,0,0,0,1,0,0.0,0.0,0.0,0.0,0,0,0,0.00,0.00,0.00,0.00,0.00,0.00,0.00,0.00,0.00,0.00
390,Xavi Simons,"MF,FW",Netherlands,20,2003,6,5,454,5.0,1,3,4,1,0,0,2,0,0.6,0.6,1.0,1.5,20,28,33,0.20,0.59,0.79,0.20,0.79,0.11,0.20,0.31,0.11,0.31
391,Michał Skóraś,DF,Poland,23,2000,1,0,23,0.3,0,0,0,0,0,0,0,0,0.0,0.0,0.0,0.0,1,1,0,0.00,0.00,0.00,0.00,0.00,0.00,0.00,0.00,0.00,0.00
392,Łukasz Skorupski,GK,Poland,32,1991,1,1,90,1.0,0,0,0,0,0,0,0,0,0.0,0.0,0.0,0.0,0,0,0,0.00,0.00,0.00,0.00,0.00,0.00,0.00,0.00,0.00,0.00
393,Andreas Skov Olsen,"MF,FW",Denmark,24,1999,3,1,122,1.4,0,0,0,0,0,0,0,0,0.0,0.0,0.4,0.4,4,3,11,0.00,0.00,0.00,0.00,0.00,0.02,0.31,0.33,0.02,0.33
394,Milan Škriniar,DF,Slovakia,28,1995,4,4,390,4.3,0,0,0,0,0,0,1,0,0.3,0.3,0.1,0.4,4,21,0,0.00,0.00,0.00,0.00,0.00,0.07,0.02,0.09,0.07,0.09
395,Bartosz Slisz,MF,Poland,24,1999,2,1,110,1.2,0,0,0,0,0,0,1,0,0.0,0.0,0.1,0.1,1,5,2,0.00,0.00,0.00,0.00,0.00,0.00,0.10,0.10,0.00,0.10
396,Yann Sommer,GK,Switzerland,35,1988,5,5,480,5.3,0,0,0,0,0,0,0,0,0.0,0.0,0.0,0.0,0,0,0,0.00,0.00,0.00,0.00,0.00,0.00,0.00,0.00,0.00,0.00
397,Deian Sorescu,"MF,DF",Romania,26,1997,2,0,34,0.4,0,0,0,0,0,0,0,0,0.0,0.0,0.0,0.0,0,0,1,0.00,0.00,0.00,0.00,0.00,0.00,0.00,0.00,0.00,0.00
398,Borna Sosa,DF,Croatia,26,1998,1,0,7,0.1,0,0,0,0,0,0,0,0,0.0,0.0,0.0,0.0,0,0,1,0.00,0.00,0.00,0.00,0.00,0.00,0.00,0.00,0.00,0.00
399,Tomáš Souček,MF,Czechia,28,1995,3,3,270,3.0,1,0,1,1,0,0,2,0,0.6,0.6,1.0,1.5,0,11,4,0.33,0.00,0.33,0.33,0.33,0.19,0.32,0.51,0.19,0.51
400,Andraž Šporar,FW,Slovenia,29,1994,4,4,338,3.8,0,0,0,0,0,0,0,0,1.0,1.0,0.8,1.8,3,3,19,0.00,0.00,0.00,0.00,0.00,0.26,0.22,0.48,0.26,0.48
401,Nicolae Stanciu,"MF,FW",Romania,30,1993,4,4,353,3.9,1,0,1,1,0,0,1,0,0.2,0.2,0.3,0.5,2,10,3,0.25,0.00,0.25,0.25,0.25,0.05,0.07,0.12,0.05,0.12
402,Jindřich Staněk,GK,Czechia,27,1996,3,3,234,2.6,0,0,0,0,0,0,0,0,0.0,0.0,0.0,0.0,0,0,0,0.00,0.00,0.00,0.00,0.00,0.00,0.00,0.00,0.00,0.00
403,Josip Stanišić,DF,Croatia,23,2000,2,2,180,2.0,0,0,0,0,0,0,1,0,0.2,0.2,0.0,0.2,3,8,9,0.00,0.00,0.00,0.00,0.00,0.09,0.02,0.11,0.09,0.11
404,Renato Steffen,DF,Switzerland,32,1991,1,0,1,0.0,0,0,0,0,0,0,0,0,0.0,0.0,0.0,0.0,1,0,0,0.00,0.00,0.00,0.00,0.00,0.00,0.00,0.00,0.00,0.00
405,Taras Stepanenko,MF,Ukraine,34,1989,2,1,82,0.9,0,0,0,0,0,0,0,0,0.1,0.1,0.0,0.1,0,5,3,0.00,0.00,0.00,0.00,0.00,0.07,0.00,0.07,0.07,0.07
406,Leonidas Stergiou,DF,Switzerland,21,2002,3,0,48,0.5,0,0,0,0,0,0,0,0,0.0,0.0,0.0,0.0,0,0,1,0.00,0.00,0.00,0.00,0.00,0.00,0.00,0.00,0.00,0.00
407,Petar Stojanović,MF,Slovenia,28,1995,4,4,316,3.5,0,0,0,0,0,0,1,0,0.0,0.0,0.2,0.2,7,11,9,0.00,0.00,0.00,0.00,0.00,0.01,0.05,0.06,0.01,0.06
408,John Stones,DF,England,29,1994,7,7,690,7.7,0,0,0,0,0,0,1,0,0.1,0.1,0.0,0.1,0,21,1,0.00,0.00,0.00,0.00,0.00,0.01,0.00,0.01,0.01,0.01
409,Thomas Strakosha,GK,Albania,28,1995,3,3,270,3.0,0,0,0,0,0,0,0,0,0.0,0.0,0.0,0.0,0,0,0,0.00,0.00,0.00,0.00,0.00,0.00,0.00,0.00,0.00,0.00
410,Dávid Strelec,FW,Slovakia,22,2001,4,2,182,2.0,0,1,1,0,0,0,0,0,0.7,0.7,0.8,1.5,0,2,6,0.00,0.49,0.49,0.00,0.49,0.34,0.42,0.76,0.34,0.76
411,Callum Styles,MF,Hungary,23,2000,1,1,60,0.7,0,0,0,0,0,0,1,0,0.0,0.0,0.0,0.0,0,2,0,0.00,0.00,0.00,0.00,0.00,0.00,0.03,0.03,0.00,0.03
412,Luka Sučić,"FW,MF",Croatia,21,2002,3,1,140,1.6,0,0,0,0,0,0,1,0,0.6,0.6,0.4,1.0,6,7,5,0.00,0.00,0.00,0.00,0.00,0.37,0.27,0.64,0.37,0.64
413,Heorhiy Sudakov,MF,Ukraine,21,2002,3,3,262,2.9,0,0,0,0,0,0,0,0,0.5,0.5,0.2,0.7,6,15,11,0.00,0.00,0.00,0.00,0.00,0.17,0.06,0.23,0.17,0.23
414,Pavel Šulc,MF,Czechia,23,2000,1,1,78,0.9,0,0,0,0,0,0,0,0,0.1,0.1,0.0,0.1,3,0,2,0.00,0.00,0.00,0.00,0.00,0.10,0.00,0.10,0.10,0.10
415,Tomáš Suslov,"FW,MF",Slovakia,21,2002,4,0,126,1.4,0,0,0,0,0,0,1,0,0.0,0.0,0.1,0.1,6,6,10,0.00,0.00,0.00,0.00,0.00,0.00,0.12,0.12,0.00,0.12
416,Josip Šutalo,DF,Croatia,23,2000,3,3,270,3.0,0,0,0,0,0,0,0,0,0.6,0.6,0.0,0.6,1,10,0,0.00,0.00,0.00,0.00,0.00,0.20,0.00,0.20,0.20,0.20
417,Oleksandr Svatok,DF,Ukraine,29,1994,1,1,80,0.9,0,0,0,0,0,0,0,0,0.0,0.0,0.0,0.0,0,3,0,0.00,0.00,0.00,0.00,0.00,0.00,0.00,0.00,0.00,0.00
418,Karol Świderski,FW,Poland,27,1997,3,0,90,1.0,0,0,0,0,0,0,1,0,0.3,0.3,0.6,0.9,0,0,6,0.00,0.00,0.00,0.00,0.00,0.29,0.61,0.90,0.29,0.90
419,Serhiy Sydorchuk,MF,Ukraine,32,1991,1,0,6,0.1,0,0,0,0,0,0,0,0,0.0,0.0,0.0,0.0,0,0,0,0.00,0.00,0.00,0.00,0.00,0.00,0.00,0.00,0.00,0.00
420,Attila Szalai,DF,Hungary,26,1998,2,1,95,1.1,0,0,0,0,0,0,1,0,0.1,0.1,0.0,0.1,0,8,2,0.00,0.00,0.00,0.00,0.00,0.08,0.00,0.08,0.08,0.08
421,Wojciech Szczęsny,GK,Poland,33,1990,2,2,180,2.0,0,0,0,0,0,0,1,0,0.0,0.0,0.0,0.0,0,0,0,0.00,0.00,0.00,0.00,0.00,0.00,0.00,0.00,0.00,0.00
422,Dominik Szoboszlai,MF,Hungary,23,2000,3,3,270,3.0,0,1,1,0,0,0,1,0,0.3,0.3,1.2,1.5,6,8,10,0.00,0.33,0.33,0.00,0.33,0.09,0.39,0.49,0.09,0.49
423,Sebastian Szymański,MF,Poland,24,1999,2,2,112,1.2,0,0,0,0,0,0,0,0,0.0,0.0,0.0,0.1,3,8,3,0.00,0.00,0.00,0.00,0.00,0.03,0.02,0.05,0.03,0.05
424,Dušan Tadić,MF,Serbia,35,1988,3,1,156,1.7,0,0,0,0,0,0,1,0,0.0,0.0,0.6,0.6,4,4,17,0.00,0.00,0.00,0.00,0.00,0.00,0.34,0.34,0.00,0.34
425,Jonathan Tah,DF,Germany,27,1996,4,4,319,3.5,0,0,0,0,0,0,2,0,0.0,0.0,0.1,0.1,0,15,1,0.00,0.00,0.00,0.00,0.00,0.01,0.02,0.03,0.01,0.03
426,Maksym Talovierov,MF,Ukraine,23,2000,1,0,1,0.0,0,0,0,0,0,0,0,0,0.0,0.0,0.0,0.0,0,0,0,0.00,0.00,0.00,0.00,0.00,0.00,0.00,0.00,0.00,0.00
427,Aurélien Tchouaméni,MF,France,24,2000,5,5,470,5.2,0,0,0,0,0,0,2,0,0.4,0.4,0.2,0.6,9,56,5,0.00,0.00,0.00,0.00,0.00,0.07,0.05,0.12,0.07,0.12
428,Arthur Theate,DF,Belgium,23,2000,3,3,256,2.8,0,0,0,0,0,0,0,0,0.0,0.0,0.0,0.1,5,9,4,0.00,0.00,0.00,0.00,0.00,0.01,0.02,0.03,0.01,0.03
429,Marcus Thuram,FW,France,26,1997,4,3,260,2.9,0,0,0,0,0,0,0,0,0.7,0.7,0.1,0.7,7,6,18,0.00,0.00,0.00,0.00,0.00,0.27,0.03,0.29,0.27,0.29
430,Youri Tielemans,MF,Belgium,26,1997,3,2,148,1.6,1,0,1,1,0,0,1,0,0.1,0.1,0.0,0.1,3,15,1,0.61,0.00,0.61,0.61,0.61,0.07,0.01,0.08,0.07,0.08
431,Kieran Tierney,DF,Scotland,26,1997,2,2,136,1.5,0,0,0,0,0,0,0,0,0.0,0.0,0.0,0.0,2,3,0,0.00,0.00,0.00,0.00,0.00,0.00,0.00,0.00,0.00,0.00
432,Ivan Toney,FW,England,27,1996,3,0,45,0.5,0,1,1,0,0,0,0,0,0.1,0.1,0.2,0.3,0,0,1,0.00,2.00,2.00,0.00,2.00,3.27,6.96,10.23,3.27,10.23
433,Ferrán Torres,"FW,MF",Spain,23,2000,5,1,155,1.7,1,0,1,1,0,0,1,0,0.6,0.6,0.1,0.8,4,2,15,0.58,0.00,0.58,0.58,0.58,0.45,0.09,0.54,0.45,0.54
434,Cenk Tosun,FW,Türkiye,32,1991,2,0,25,0.3,1,0,1,1,0,0,1,0,0.3,0.3,0.0,0.3,1,0,1,3.60,0.00,3.60,3.60,3.60,1.15,0.00,1.15,1.15,1.15
435,Gernot Trauner,DF,Austria,31,1992,2,1,90,1.0,1,0,1,1,0,0,0,0,0.1,0.1,0.0,0.1,0,8,0,1.00,0.00,1.00,1.00,1.00,0.08,0.00,0.08,0.08,0.08
436,Kieran Trippier,DF,England,33,1990,6,6,450,5.0,0,0,0,0,0,0,2,0,0.1,0.1,0.8,0.9,2,29,27,0.00,0.00,0.00,0.00,0.00,0.02,0.17,0.19,0.02,0.19
437,Leandro Trossard,FW,Belgium,29,1994,3,2,169,1.9,0,0,0,0,0,0,0,0,0.2,0.2,0.1,0.4,5,5,8,0.00,0.00,0.00,0.00,0.00,0.13,0.06,0.19,0.13,0.19
438,Anatolii Trubin,GK,Ukraine,22,2001,2,2,180,2.0,0,0,0,0,0,0,0,0,0.0,0.0,0.0,0.0,0,0,0,0.00,0.00,0.00,0.00,0.00,0.00,0.00,0.00,0.00,0.00
439,Heorhii Tsitaishvili,"DF,MF",Georgia,23,2000,4,2,190,2.1,0,0,0,0,0,0,0,0,0.2,0.2,0.1,0.3,5,3,15,0.00,0.00,0.00,0.00,0.00,0.08,0.07,0.15,0.08,0.15
440,Viktor Tsyhankov,FW,Ukraine,26,1997,1,1,62,0.7,0,0,0,0,0,0,0,0,0.1,0.1,0.0,0.1,2,1,6,0.00,0.00,0.00,0.00,0.00,0.19,0.00,0.19,0.19,0.19
441,Ľubomír Tupta,MF,Slovakia,25,1998,1,0,12,0.1,0,0,0,0,0,0,0,0,0.0,0.0,0.0,0.0,0,0,1,0.00,0.00,0.00,0.00,0.00,,,,,
442,Oleksandr Tymchyk,DF,Ukraine,27,1997,3,2,199,2.2,0,0,0,0,0,0,0,0,0.0,0.0,0.0,0.0,5,7,11,0.00,0.00,0.00,0.00,0.00,0.00,0.01,0.01,0.00,0.01
443,Deniz Undav,MF,Germany,27,1996,1,0,7,0.1,0,0,0,0,0,0,1,0,0.0,0.0,0.0,0.0,0,0,0,0.00,0.00,0.00,0.00,0.00,0.00,0.00,0.00,0.00,0.00
444,Dayot Upamecano,DF,France,25,1998,6,6,570,6.3,0,0,0,0,0,0,0,0,0.3,0.3,0.1,0.3,3,28,2,0.00,0.00,0.00,0.00,0.00,0.05,0.01,0.06,0.05,0.06
445,Kacper Urbanski,"FW,MF",Poland,19,2004,3,2,148,1.6,0,0,0,0,0,0,0,0,0.1,0.1,0.1,0.2,4,3,4,0.00,0.00,0.00,0.00,0.00,0.08,0.03,0.11,0.08,0.11
446,Virgil van Dijk,DF,Netherlands,32,1991,6,6,540,6.0,0,0,0,0,0,0,2,0,0.5,0.5,0.1,0.6,0,20,0,0.00,0.00,0.00,0.00,0.00,0.08,0.02,0.10,0.08,0.10
447,Vladyslav Vanat,FW,Ukraine,22,2002,1,0,21,0.2,0,0,0,0,0,0,0,0,0.0,0.0,0.0,0.0,0,0,2,0.00,0.00,0.00,0.00,0.00,0.00,0.00,0.00,0.00,0.00
448,Barnabás Varga,FW,Hungary,30,1994,3,3,249,2.8,1,0,1,1,0,0,1,0,1.2,1.2,0.1,1.3,1,7,11,0.36,0.00,0.36,0.36,0.36,0.44,0.03,0.47,0.44,0.47
449,Ruben Vargas,"MF,FW",Switzerland,25,1998,5,4,306,3.4,1,1,2,1,0,0,0,0,0.7,0.7,1.1,1.8,13,12,21,0.29,0.29,0.59,0.29,0.59,0.20,0.32,0.53,0.20,0.53
450,Denis Vavro,DF,Slovakia,27,1996,4,4,390,4.3,0,0,0,0,0,0,1,0,0.0,0.0,0.0,0.0,1,15,2,0.00,0.00,0.00,0.00,0.00,0.01,0.00,0.01,0.01,0.01
451,Joey Veerman,MF,Netherlands,25,1998,6,2,209,2.3,0,0,0,0,0,0,1,0,0.2,0.2,0.3,0.4,1,17,1,0.00,0.00,0.00,0.00,0.00,0.07,0.13,0.19,0.07,0.19
452,Miloš Veljković,DF,Serbia,28,1995,3,3,270,3.0,0,0,0,0,0,0,0,0,0.0,0.0,0.0,0.0,5,27,3,0.00,0.00,0.00,0.00,0.00,0.00,0.00,0.00,0.00,0.00
453,Micky van de Ven,DF,Netherlands,22,2001,4,0,70,0.8,0,0,0,0,0,0,0,0,0.0,0.0,0.0,0.0,1,2,2,0.00,0.00,0.00,0.00,0.00,0.00,0.00,0.00,0.00,0.00
454,Benjamin Verbič,MF,Slovenia,30,1993,3,0,74,0.8,0,0,0,0,0,0,0,0,0.0,0.0,0.1,0.2,2,1,3,0.00,0.00,0.00,0.00,0.00,0.05,0.27,0.31,0.05,0.31
455,Bart Verbruggen,GK,Netherlands,21,2002,6,6,540,6.0,0,0,0,0,0,0,0,0,0.0,0.0,0.0,0.0,0,0,0,0.00,0.00,0.00,0.00,0.00,0.00,0.00,0.00,0.00,0.00
456,Jan Vertonghen,DF,Belgium,36,1987,3,3,270,3.0,0,0,0,0,0,0,1,0,0.1,0.1,0.0,0.1,0,3,1,0.00,0.00,0.00,0.00,0.00,0.03,0.00,0.03,0.03,0.03
457,Jannik Vestergaard,DF,Denmark,31,1992,4,4,360,4.0,0,0,0,0,0,0,1,0,0.3,0.3,0.0,0.3,1,15,2,0.00,0.00,0.00,0.00,0.00,0.07,0.00,0.07,0.07,0.07
458,Žan Vipotnik,FW,Slovenia,21,2002,1,0,15,0.2,0,0,0,0,0,0,1,0,0.0,0.0,0.0,0.0,0,0,0,0.00,0.00,0.00,0.00,0.00,0.00,0.00,0.00,0.00,0.00
459,Vitinha,MF,Portugal,23,2000,4,4,358,4.0,0,0,0,0,0,0,0,0,0.6,0.6,0.1,0.8,7,28,9,0.00,0.00,0.00,0.00,0.00,0.16,0.03,0.19,0.16,0.19
460,Daniel Vivian,DF,Spain,24,1999,2,1,123,1.4,0,0,0,0,0,0,1,0,0.0,0.0,0.0,0.0,0,10,1,0.00,0.00,0.00,0.00,0.00,0.03,0.00,0.03,0.03,0.03
461,Dušan Vlahović,"MF,FW",Serbia,24,2000,3,2,177,2.0,0,0,0,0,0,0,0,0,0.2,0.2,0.0,0.2,1,2,8,0.00,0.00,0.00,0.00,0.00,0.12,0.00,0.12,0.12,0.12
462,Stefan de Vrij,DF,Netherlands,31,1992,6,6,540,6.0,1,0,1,1,0,0,0,0,0.3,0.3,0.0,0.3,2,26,2,0.17,0.00,0.17,0.17,0.17,0.05,0.00,0.05,0.05,0.05
463,Kyle Walker,DF,England,33,1990,7,7,690,7.7,0,0,0,0,0,0,0,0,0.0,0.0,0.1,0.1,14,50,24,0.00,0.00,0.00,0.00,0.00,0.00,0.01,0.01,0.00,0.01
464,Ollie Watkins,FW,England,28,1995,3,0,62,0.7,1,0,1,1,0,0,1,0,0.3,0.3,0.0,0.3,0,0,2,1.45,0.00,1.45,1.45,1.45,0.45,0.00,0.45,0.45,0.45
465,Wout Weghorst,FW,Netherlands,31,1992,6,0,138,1.5,1,1,2,1,0,0,1,0,0.6,0.6,0.3,0.9,0,0,8,0.65,0.65,1.30,0.65,1.30,0.42,0.17,0.60,0.42,0.60
466,Andreas Weimann,FW,Austria,32,1991,1,0,1,0.0,0,0,0,0,0,0,0,0,0.0,0.0,0.0,0.0,0,0,0,0.00,0.00,0.00,0.00,0.00,0.00,0.00,0.00,0.00,0.00
467,Silvan Widmer,DF,Switzerland,30,1993,4,3,299,3.3,0,0,0,0,0,0,3,0,0.3,0.3,0.0,0.3,2,3,15,0.00,0.00,0.00,0.00,0.00,0.10,0.01,0.11,0.10,0.11
468,Georginio Wijnaldum,MF,Netherlands,33,1990,3,0,73,0.8,0,0,0,0,0,0,0,0,0.0,0.0,0.0,0.0,0,2,1,0.00,0.00,0.00,0.00,0.00,0.00,0.00,0.00,0.00,0.00
469,Nico Williams,FW,Spain,21,2002,6,6,492,5.5,2,1,3,2,0,0,0,0,1.0,1.0,1.6,2.6,32,21,67,0.37,0.18,0.55,0.37,0.55,0.18,0.30,0.48,0.18,0.48
470,Patrick Wimmer,"FW,MF",Austria,22,2001,3,1,138,1.5,0,0,0,0,0,0,2,0,0.2,0.2,0.1,0.2,5,4,10,0.00,0.00,0.00,0.00,0.00,0.11,0.04,0.15,0.11,0.15
471,Jonas Wind,FW,Denmark,24,1999,4,3,193,2.1,0,1,1,0,0,0,1,0,0.5,0.5,0.8,1.2,0,2,21,0.00,0.47,0.47,0.00,0.47,0.21,0.37,0.58,0.21,0.58
472,Florian Wirtz,"FW,MF",Germany,20,2003,5,3,279,3.1,2,0,2,2,0,0,1,0,0.6,0.6,0.8,1.4,17,20,34,0.65,0.00,0.65,0.65,0.65,0.23,0.27,0.50,0.23,0.50
473,Maximilian Wöber,DF,Austria,25,1998,3,2,175,1.9,0,0,0,0,0,0,1,0,0.0,0.0,0.1,0.1,2,7,2,0.00,0.00,0.00,0.00,0.00,0.00,0.07,0.07,0.00,0.07
474,Granit Xhaka,MF,Switzerland,31,1992,5,5,480,5.3,0,0,0,0,0,0,1,0,0.2,0.2,0.4,0.6,8,36,7,0.00,0.00,0.00,0.00,0.00,0.04,0.07,0.11,0.04,0.11
475,Lamine Yamal,FW,Spain,16,2007,7,6,503,5.6,1,4,5,1,0,0,1,0,1.8,1.8,2.8,4.6,31,23,43,0.18,0.72,0.89,0.18,0.89,0.33,0.50,0.83,0.33,0.83
476,Roman Yaremchuk,FW,Ukraine,28,1995,3,1,121,1.3,1,0,1,1,0,0,1,0,0.4,0.4,0.1,0.6,3,3,11,0.74,0.00,0.74,0.74,0.74,0.33,0.11,0.44,0.33,0.44
477,Andriy Yarmolenko,"FW,MF",Ukraine,34,1989,3,1,104,1.2,0,0,0,0,0,0,0,0,0.5,0.5,0.0,0.5,4,6,11,0.00,0.00,0.00,0.00,0.00,0.42,0.00,0.42,0.42,0.42
478,Yusuf Yazıcı,"MF,FW",Türkiye,27,1997,2,0,57,0.6,0,0,0,0,0,0,0,0,0.2,0.2,0.0,0.2,0,3,2,0.00,0.00,0.00,0.00,0.00,0.28,0.00,0.28,0.28,0.28
479,Kenan Yıldız,"FW,MF",Türkiye,18,2005,5,4,345,3.8,0,0,0,0,0,0,1,0,0.7,0.7,0.1,0.8,12,6,23,0.00,0.00,0.00,0.00,0.00,0.18,0.02,0.20,0.18,0.20
480,Okay Yokuşlu,"MF,DF",Türkiye,29,1994,3,0,55,0.6,0,0,0,0,0,0,0,0,0.0,0.0,0.0,0.0,0,2,0,0.00,0.00,0.00,0.00,0.00,0.08,0.00,0.08,0.08,0.08
481,İsmail Yüksek,MF,Türkiye,25,1999,3,2,152,1.7,0,1,1,0,0,0,2,0,0.1,0.1,0.1,0.2,2,4,2,0.00,0.59,0.59,0.00,0.59,0.04,0.09,0.12,0.04,0.12
482,Illia Zabarnyi,DF,Ukraine,21,2002,3,3,270,3.0,0,0,0,0,0,0,0,0,0.0,0.0,0.1,0.1,0,14,0,0.00,0.00,0.00,0.00,0.00,0.00,0.03,0.03,0.00,0.03
483,Mattia Zaccagni,"MF,FW",Italy,28,1995,3,0,82,0.9,1,0,1,1,0,0,0,0,0.2,0.2,0.4,0.6,2,3,14,1.10,0.00,1.10,1.10,1.10,0.24,0.43,0.67,0.24,0.67
484,Denis Zakaria,MF,Switzerland,27,1996,1,0,23,0.3,0,0,0,0,0,0,0,0,0.0,0.0,0.0,0.0,0,0,0,0.00,0.00,0.00,0.00,0.00,,,,,
485,Nicola Zalewski,DF,Poland,22,2002,3,3,247,2.7,0,0,0,0,0,0,1,0,0.1,0.1,0.1,0.2,11,14,9,0.00,0.00,0.00,0.00,0.00,0.04,0.04,0.09,0.04,0.09
486,Piotr Zieliński,MF,Poland,29,1994,3,3,253,2.8,0,1,1,0,0,0,0,0,0.5,0.5,0.4,0.8,16,10,11,0.00,0.36,0.36,0.00,0.36,0.16,0.14,0.30,0.16,0.30
487,Oleksandr Zinchenko,DF,Ukraine,27,1996,3,2,213,2.4,0,1,1,0,0,0,0,0,0.0,0.0,0.2,0.3,3,11,6,0.00,0.42,0.42,0.00,0.42,0.02,0.10,0.12,0.02,0.12
488,Joshua Zirkzee,"FW,DF",Netherlands,22,2001,2,0,5,0.1,0,0,0,0,0,0,0,0,0.0,0.0,0.0,0.0,0,0,2,0.00,0.00,0.00,0.00,0.00,0.00,0.00,0.00,0.00,0.00
489,Andrija Živković,DF,Serbia,27,1996,3,3,244,2.7,0,0,0,0,0,0,0,0,0.0,0.0,0.7,0.7,8,12,16,0.00,0.00,0.00,0.00,0.00,0.00,0.24,0.24,0.00,0.24
490,Budu Zivzivadze,"FW,MF",Georgia,29,1994,2,0,18,0.2,0,0,0,0,0,0,0,0,0.1,0.1,0.0,0.1,0,1,1,0.00,0.00,0.00,0.00,0.00,0.45,0.00,0.45,0.45,0.45
491,Steven Zuber,MF,Switzerland,32,1991,2,0,77,0.9,0,0,0,0,0,0,0,0,0.2,0.2,0.0,0.2,0,2,7,0.00,0.00,0.00,0.00,0.00,0.39,0.04,0.42,0.39,0.42
492,Martín Zubimendi,MF,Spain,24,1999,4,1,141,1.6,0,0,0,0,0,0,0,0,0.0,0.0,0.0,0.0,5,17,3,0.00,0.00,0.00,0.00,0.00,0.00,0.01,0.01,0.00,0.01
493,Oleksandr Zubkov,FW,Ukraine,27,1996,1,0,24,0.3,0,0,0,0,0,0,0,0,0.0,0.0,0.0,0.0,0,2,1,0.00,0.00,0.00,0.00,0.00,0.00,0.00,0.00,0.00,0.00
